Ref1,Ref2,Ref1_snipette
Chayei_Moharan 1,Likutei_Moharan 5,"(א) הַתּוֹרָה בַּחֲצוֹצְרוֹת (סִימָן ה) אָמַר בְּרֹאשׁ־הַשָּׁנָה פֹּה בְּרֶסְלֶב שְׁנַת תקס""ג. וְרֹאשׁ הַשָּׁנָה חָל אָז בְּיוֹם"
Chayei_Moharan 2,Likutei_Moharan 13,"(ב) הַתּוֹרָה קְרָא אֶת יְהוֹשֻׁעַ בְּסִימָן וא""ו אָמַר בְּשַׁבַּת תְּשׁוּבָה שֶׁאַחַר רֹאשׁ־הַשָּׁנָה הַנִּזְכָּר לְעֵיל. וְאָז הִזְכִּיר בְּהַתְחָלַת הַתּוֹרָה"
Chayei_Moharan 3,Likutei_Moharan 7,"(ג) קֹדֶם שֶׁאָמַר הַתּוֹרָה מִשְׁפָּטִים אֱמוּנָה בְּסִימָן ז', שָׁמַעְתִּי מִמֶּנּוּ זִכְרוֹנוֹ לִבְרָכָה, הַתּוֹרָה צֹהַר תַּעֲשֶׂה לַתֵּבָה בְּסִימָן קי""ב, וְכָתַבְתִּי"
Chayei_Moharan 3,Likutei_Moharan 112,"ז', שָׁמַעְתִּי מִמֶּנּוּ זִכְרוֹנוֹ לִבְרָכָה, הַתּוֹרָה צֹהַר תַּעֲשֶׂה לַתֵּבָה בְּסִימָן קי""ב, וְכָתַבְתִּי מַה שֶּׁשָּׁמַעְתִּי כְּפִי מַה שֶּׁנִּדְפַּס בַּסִּימָן הַנַּ""ל. אַךְ אַחַר־כָּךְ אָמַר"
Chayei_Moharan 3,Likutei_Moharan 9,"שֶּׁנִּדְפַּס בַּסִּימָן הַנַּ""ל. אַךְ אַחַר־כָּךְ אָמַר הַתּוֹרָה תְּהֹמֹת יְכַסְיֻמוּ בְּסִימָן ט', וְשָׁם נִכְלָל הַתּוֹרָה צֹהַר הַנַּ""ל, וְהַתּוֹרָה תְּהֹמֹת יְכַסְיֻמוּ נֶאֶמְרָה בְּשַׁבַּת שִׁירָה"
Chayei_Moharan 4,Likutei_Moharan 8,"(ד) כְּשֶׁאָמַר הַתּוֹרָה רָאִיתִי מְנוֹרַת זָהָב בְּסִימָן ח' בְּשַׁבַּת חַנֻכָּה תקס""ג, וְשָׁם מְדַבֵּר אֵיךְ לְהַפִּיל וּלְהַשְׁפִּיל הָרְשָׁעִים בְּחִינַת (תְּהִלִּים"
Chayei_Moharan 6,Likutei_Moharan 16,"(ו) סִימָן ט""ז רַבִּי יוֹחָנָן מִשְׁתָּעֵי. זֹאת הַתּוֹרָה אָמַר בְּשַׁבָּת בְּשַׁחֲרִית בְּאֶמְצַע הַקַּיִץ"
Chayei_Moharan 6,Likutei_Moharan 166,"מַה שֶּׁאֲנִי צָרִיךְ לַעֲשׂוֹת בָּזֶה. וְאָמַר אָז עִנְיָן הַנִּדְפָּס בְּסִימָן קס""ו שֶׁאֵצֶל אֱלִישָׁע כְּתִיב פַּעַם אַחַת אֱלִישָׁע סְתָם, וּפַעַם אַחַת אִישׁ אֱלֹקִים."
Chayei_Moharan 6,Likutei_Moharan 24,"וְאָמַר אָז תּוֹרָה שְׁתֵּי פְּעָמִים. בְּלֵיל שַׁבָּת אָמַר הַתּוֹרָה (סִימָן כד חֵלֶק א) אֶמְצָעוּתָא דְעָלְמָא הֵיכָא, שֶׁמְּדַבֶּרֶת שָׁם מִתִּשְׁעָה הֵיכָלִין דְּלָא אִתְדַּבְּקִין"
Chayei_Moharan 7,Likutei_Moharan 17,"(ז) כְּשֶׁאָמַר הַתּוֹרָה וַיְהִי הֵם מְרִיקִים שַׂקֵּיהֶם בְּסִימָן י""ז בְּשַׁבַּת חֲנֻכָּה תקס""ו. בְּאוֹתָהּ הַשָּׁנָה נִתְגַּיְּרוּ גֵּרִים הַרְבֵּה מֵחֲמַת שֶׁמָּצְאוּ בְּסִפְרֵיהֶם"
Chayei_Moharan 8,Likutei_Moharan 18,"(ח) ""רַבִּי יוֹנָתָן מִשְׁתָּעֵי - קַרְטָלִיתָא"", בְּסִימָן י""ח. אֵיזֶה זְמַן קֹדֶם שֶׁאָמַר הַתּוֹרָה הַזֹּאת נִכְנַסְנוּ פַּעַם אַחַת אֵלָיו אֲנִי"
Chayei_Moharan 9,Likutei_Moharan 20,"(ט) תִּשְׁעָה תִּקּוּנִין יַקִּירִין סִימָן כ', זֹאת הַתּוֹרָה נֶאֶמְרָה בְּרֹאשׁ־הַשָּׁנָה תקס""ה שֶׁחָל בְּיוֹם חֲמִישִׁי וְשִׁשִּׁי. וּבַקַּיִץ"
Chayei_Moharan 10,Likutei_Moharan 19,"בְּשָׁבוּעוֹת שֶׁחָל אָז בְּיוֹם רְבִיעִי וַחֲמִישִׁי אָמַר הַתּוֹרָה תְּפִלָּה לַחֲבַקּוּק סִימָן י""ט. וְאַחַר־כָּךְ בְּאוֹתוֹ הַקַּיִץ הִתְחִיל לוֹמַר הַתּוֹרָה עַתִּיקָא טָמִיר וְסָתִים סִימָן"
Chayei_Moharan 10,Likutei_Moharan 21,"י""ט. וְאַחַר־כָּךְ בְּאוֹתוֹ הַקַּיִץ הִתְחִיל לוֹמַר הַתּוֹרָה עַתִּיקָא טָמִיר וְסָתִים סִימָן כ""א, וּבִתְחִלָּה שָׁמַעְתִּי מִמֶּנּוּ זִכְרוֹנוֹ לִבְרָכָה אֵיזֶה עִנְיָנִים מֵהַתּוֹרָה הַנַּ""ל פִּסְקָא"
Chayei_Moharan 13,Likutei_Moharan 175,"הַנִּפְלָא בְּ'שִׁמְךָ יְ'גִילוּן כָּ'ל הַ'יּוֹם שֶׁהוּא רָאשֵׁי־תֵבוֹת בְּכִיָּה כַּמְבֹאָר בְּסִימָן קע""ה. וְאָמַר אָז שֶׁהָיָה לוֹ אָז מַה שֶּׁנִּקְרָא בִּלְשׁוֹן חֲסִידוּת הֶאָרָה גְּדוֹלָה"
Chayei_Moharan 13,Likutei_Moharan 22,"אֲרֻכָּה וּרְחָבָה וַעֲמֻקָּה מְאֹד וְהִיא הַתּוֹרָה חוֹתָם בְּתוֹךְ חוֹתָם שֶׁבְּסִימָן כ""ב. וְהַתּוֹרָה הַזֹּאת נֶאֶמְרָה פִּתְאֹם, כִּי בִּתְחִלָּה יָשַׁב וְדִבֵּר עִמָּנוּ כְּדַרְכּוֹ וּמִקֹּדֶם"
Chayei_Moharan 14,Likutei_Moharan 402,"שָׁנָה מְעֻבֶּרֶת שֶׁהַיָּארְצַייט הוּא בִּשְׁנֵי חָדְשֵׁי אֲדָר כַּיָּדוּעַ (עַיֵּן שֻׁלְחַן־עָרוּךְ סִימָן ת""ב יד) וּבְתוֹךְ כְּתִיבַת זֹאת הַתּוֹרָה בָּאָה אִמּוֹ אֶצְלוֹ וְהִזְכִּירָה אוֹתוֹ"
Chayei_Moharan 14,Likutei_Moharan 273,"לְמַעְלָה מִשִּׁשִּׁים רִבּוֹא נִשְׁמוֹת יִשְׂרָאֵל כַּמּוּבָן בְּלִקּוּטֵי מוֹהֲרַ""ן חֵלֶק רִאשׁוֹן סִימָן רע""ג עַל־פָּסוּק (דִּבְרֵי הַיָּמִים־א כ""ג): וּבְנֵי רְחַבְיָה רָבוּ לְמָעְלָה עַיֵּן שָׁם."
Chayei_Moharan 15,Likutei_Moharan 85,"מְאֹד וְהֵרִים קוֹלוֹ וְאָמַר יֵשׁ נְשָׁמָה וְכוּ' כַּנִּדְפָּס בַּסֵּפֶר בְּסִימָן הַנַּ""ל רַק שֶׁבִּכְתִיבָתוֹ הִתְחִיל תֵּכֶף מֵהַנְּשָׁמָה אֲבָל בַּאֲמִירָתוֹ הִתְחִיל מֵאֶרֶץ־ יִשְׂרָאֵל כַּנַּ""ל."
Chayei_Moharan 16,Likutei_Moharan 21,"(טז) לְעִנְיַן הַמַּקִּיפִים הַמְבֹאָרִים בְּהַתּוֹרָה עַתִּיקָא סִימָן כ""א שֶׁכָּל אֶחָד יַשִּׂיג לֶעָתִיד כְּפִי טָרְחוֹ וִיגִיעָתוֹ וְכוּ' בַּעֲבוֹדַת ה',"
Chayei_Moharan 17,Likutei_Moharan 22,"כז:): עַל הַתּוֹקֵעַ בַּבּוֹר אוֹתָם הָעוֹמְדִים בַּחוּץ עַיֵּן שָׁם בְּסִימָן כ""ב מֵעִנְיַן הִתְגַּלּוּת סוֹד קוֹל הֲבָרָה עַיֵּן שָׁם. וְאָז אָמַר בְּעַצְמוֹ שֶׁיֵּשׁ"
Chayei_Moharan 17,Likutei_Moharan 587,"הֲבָרָה כִּי בְּוַדַּאי שָׁמַע קוֹל שׁוֹפָר וְכַמְבֹאָר בַּשֻּׁלְחָן־עָרוּךְ (אֹרַח חַיִּים סִימָן תקפ""ז): שֶׁרַק מִי שֶׁתּוֹקֵעַ בְּבוֹר וְכַיּוֹצֵא צָרִיךְ הַבְחָנָה אִם קוֹל שׁוֹפָר"
Chayei_Moharan 18,Likutei_Moharan 24,"(יח) מַאֲמַר אֶמְצָעוּתָא דְעָלְמָא סִימָן כ""ד נֶאֱמַר בְּקַיִץ תקס""ג בִּסְעֻדַּת לֵיל שַׁבָּת. וְאָמַר אוֹתוֹ בְּיִרְאָה גְּדוֹלָה"
Chayei_Moharan 19,Likutei_Moharan 25,"(יט) שַׁיָּךְ לְהַמַּאֲמָר אַחְוֵי לָן מָנָא. סִימָן כ""ה נִשְׁמַע מִפִּיו הַקָּדוֹשׁ בְּפֵרוּשׁ אֵצֶל הַמַּאֲמָר הַנַּ""ל שֶׁמְּדַבֵּר שָׁם מֵעֲלִיָּה"
Chayei_Moharan 20,Likutei_Moharan 29,"(כ) הַתּוֹרָה הַאי מָאן דְּאָזֵל לְמִנְסַב אִתְּתָא בְּסִימָן כ""ט אָמַר בְּשָׁבוּעוֹת תקס""ו לִפְרָט־קָטָן. וּבְאוֹתוֹ הָעֵת לָבַשׁ פַּעַם רִאשׁוֹן בְּגָדִים לְבָנִים"
Chayei_Moharan 21,Likutei_Moharan 30,"(כא) בָּעֵת שֶׁאָמַר הַתּוֹרָה מֵישָׁרָא דְסַכִּינָא בְּסִימָן ל' בְּשַׁבַּת חֲנֻכָּה תקס""ז בַּסְּעֻדָּה הַשְּׁלִישִׁית שֶׁל שַׁבָּת. וְהִתְחִיל הַתּוֹרָה עַל פָּסוּק"
Chayei_Moharan 22,Likutei_Moharan 34,"אַחַת דִּבַּרְתִּי עִמּוֹ מֵהַתּוֹרָה וְאַתֶּם תִּהְיוּ לִי מַמְלֶכֶת כֹּהֲנִים בְּסִימָן ל""ד הַמְדַבֵּר מֵהַנְּקֻדָּה שֶׁהִיא בְּחִינַת צַדִּיק וְכוּ', וְאָמַר לִי שֶׁבְּזֹאת הַתּוֹרָה יְכוֹלִין"
Chayei_Moharan 23,Likutei_Moharan 52,"(כג) מַאֲמָר הַנֵּעוֹר בַּלַּיְלָה סִימָן נ""ב. נֶאֱמַר בִּשְׁנַת תקס""ג בִּבְחִינַת (תְּהִלִּים קג) עוֹשֵׂי דְבָרוֹ לִשְׁמֹעַ בְּקוֹל"
Chayei_Moharan 24,Likutei_Moharan 197,"הָרָע שֶׁבָּעוֹלָם אֵין הַצַּדִּיקִים יְכוֹלִין לִהְיוֹת עֲנָוִים וְכוּ' כַּמְבֹאָר בְּסִימָן קצ""ז וְיָתֵר מִזֶּה אֵינוֹ יוֹדֵעַ וְאָמַר בְּפֵרוּשׁ כְּמוֹ שֶׁאַתָּה אֵינְךָ יוֹדֵעַ, כָּךְ"
Chayei_Moharan 24,Likutei_Moharan 20,"עָבְיוּתֵנוּ וְכוּ' אֵינוֹ יָכוֹל לוֹמַר תּוֹרָה (כַּמְבֹאָר אֶצְלֵנוּ (לִקּוּטֵי מוֹהֲרַ""ן סִימָן כ) שֶׁהַתּוֹרָה שֶׁל הַצַּדִּיק נַעֲשֵׂית מֵהָאֲנָשִׁים הַבָּאִים וּמִתְקַבְּצִים אֵלָיו). וְהוֹכִיחַ אוֹתָנוּ"
Chayei_Moharan 24,Likutei_Moharan 56,"הַשָּׁבוּעוֹת וְאָמַר אָז תּוֹרָה נִפְלָאָה עַל פָּסוּק וּבְיוֹם הַבִּכּוּרִים בְּסִימָן נ""ו הַמַּתְחֶלֶת כִּי יֵשׁ בְּכָל אֶחָד מִיִּשְׂרָאֵל בְּחִינַת מַלְכוּת. אַחַר שֶׁאָמַר הַתּוֹרָה"
Chayei_Moharan 24,Likutei_Moharan 21,"מִדְּרָכֵינוּ וּמַחְשְׁבוֹתָיו מִמַּחְשְׁבוֹתֵינוּ. וְעַיֵּן נִפְלָאוֹת בְּדִבְרֵי רַבֵּנוּ זִכְרוֹנוֹ לִבְרָכָה בְּסִימָן כ""א עַל מַאֲמַר רַבּוֹתֵינוּ זִכְרוֹנָם לִבְרָכָה (בְּרָכוֹת יז.) לֶעָתִיד לָבוֹא צַדִּיקִים יוֹשְׁבִים"
Chayei_Moharan 24,Likutei_Moharan 64,"לְהַשִּׂיגוֹ עַכְשָׁו בְּשׁוּם אֹפֶן. וְכֵן בְּהַתּוֹרָה ""בֹּא אֶל פַּרְעֹה"" בְּסִימָן ס""ד, שֶׁמְּבֹאָר שָׁם שֶׁיֵּשׁ קֻשְׁיוֹת שֶׁנִּמְשָׁכִין מִסּוֹד חָלָל הַפָּנוּי שֶׁאִי אֶפְשָׁר לִמְצֹא"
Chayei_Moharan 24,Likutei_Moharan%2C_Part_II 7,"אֹפֶן. וְכֵן בְּהַתּוֹרָה וַיְהִי מִקֵּץ כִּי מְרַחֲמָם יְנַהֲגֵם בְּלִקּוּטֵי תִנְיָנָא סִימָן ז' שֶׁמְּבֹאָר שָׁם שֶׁיֵּשׁ קֻשְׁיוֹת שֶׁהֵם לְמַעְלָה מֵהַזְּמַן שֶׁאִי אֶפְשָׁר לְתָרְצָם,"
Chayei_Moharan 24,Likutei_Moharan%2C_Part_II 52,"מְקוֹמוֹת בִּסְפָרִים שֶׁלּוֹ הַקְּדוֹשִׁים. וְכֵן מַה שֶּׁכָּתוּב שָׁם בְּלִקּוּטֵי תִנְיָנָא סִימָן נ""ב דָּבָר נָאֶה וּמִתְקַבֵּל שֶׁאָמַר רַבֵּנוּ זִכְרוֹנוֹ לִבְרָכָה שֶׁמַּה שֶּׁקָּשֶׁה קֻשְׁיָא"
Chayei_Moharan 25,Likutei_Moharan 60,"(כה) שַׁיָּךְ לַמַּאֲמָר פָּתַח רַבִּי שִׁמְעוֹן (סִימָן ס') אַחַר שֶׁאָמַר רַבֵּנוּ זִכְרוֹנוֹ לִבְרָכָה מַאֲמָר זֶה הַנַּ""ל אָמַר בְּדֶרֶךְ צַחוּת."
Chayei_Moharan 26,Likutei_Moharan 62,"לוֹ, וְאָמַר אָז הַתּוֹרָה וַיַּסֵּב אֱלֹקִים הַנִּדְפֶּסֶת בְּלִקּוּטֵי א' בְּסִימָן ס""ב, שֶׁמּוּבָא שָׁם מַאֲמַר הַזֹּהַר הַקָּדוֹשׁ עֻלֵמְתָּא שַׁפִּירְתָּא דְּלֵית לָהּ עַיְנִין, וְנִתְרַפְּאָה"
Chayei_Moharan 27,Likutei_Moharan 63,"(כז) הַתּוֹרָה שֶׁבְּסִימָן ס""ג הַמַּתְחֶלֶת סוֹד כַּוָּנַת הַמִּילָה. נֶאֶמְרָה בַּבֹּקֶר קֹדֶם סְעֻדַּת שַׁחֲרִית בַּשַּׁבָּת שֶׁקֹּדֶם"
Chayei_Moharan 27,Likutei_Moharan 42,"דְּבָרָיו אֵינָם פְּשׁוּטִים וּבְוַדַּאי יֵשׁ בָּהֶם רָזִין גְּדוֹלִים וְכַמְבֹאָר בְּסִימָן מ""ב עַיֵּן שָׁם. אַחַר־כָּךְ עָנָה וְאָמַר שִׂיחוֹת חֻלִּין שֶׁלָּנוּ וְאָמַר בִּלְשׁוֹן אַשְׁכְּנַז"
Chayei_Moharan 28,Likutei_Moharan 65,"(כח) [מַאֲמָר וַיֹּאמֶר בֹּעַז אֶל רוּת סִימָן ס""ה נֶאֱמַר בְּקַיִץ תקס""ו סָמוּךְ לִפְטִירַת בְּנוֹ הַיֶּלֶד הַקָּדוֹשׁ וְהַנּוֹרָא מוֹרֵנוּ"
Chayei_Moharan 29,Likutei_Moharan 69,"(כט) זֶה שַׁיָּךְ לְמַאֲמַר חֹמֶר אִסּוּר גְּזֵלָה סִימָן ס""ט. בְּשָׁעָה שֶׁאָמַר רַבֵּנוּ זִכְרוֹנוֹ לִבְרָכָה הַמַּאֲמָר הַנַּ""ל, עָמַד אָז לְפָנָיו"
Chayei_Moharan 30,Likutei_Moharan 256,"לוֹ שֶׁשֵּׁם ""אַתָּה"" מְסֻגָּל עַל הַיָּם כַּמּוּבָא בְּלִקּוּטֵי א' בְּסִימָן רנ""ו כְּמוֹ שֶׁכָּתוּב (תְּהִלִּים פ""ט): ""בְּשׂוֹא גַלָּיו אַתָּה תְשַׁבְּחֵם"":"
Chayei_Moharan 31,Likutei_Moharan 262,"(לא) כְּשֶׁאָמַר הַתּוֹרָה הַנִּדְפֶּסֶת בְּסִימָן רס""ב בְּלִקּוּטֵי א' עַל פָּסוּק (שָׁם ק""ב): ""וְשִׁקֻּוַי בִּבְכִי מָסָכְתִּי"" שֶׁקֹּדֶם חִדּוּשֵׁי"
Chayei_Moharan 31,Likutei_Moharan 242,"לָזֶה אָמַר הַתּוֹרָה ""דַּע שֶׁיֵּשׁ אָרִיךְ אַנְפִּין דִּקְלִפָּה וְכוּ'"" בְּסִימָן רמ""ב, וּבְיוֹם חֲמִישִׁי שֶׁלְּפָנָיו בָּכָה לְפָנֵינוּ, וְאַחַר־כָּךְ בְּיוֹם שַׁבָּת שֶׁלְּאַחֲרָיו אָמַר הָעִנְיָן"
Chayei_Moharan 32,Likutei_Moharan 57,"(לב) בָּעִנְיָן הַנִּדְפָּס בִּסְפָרָיו הַקְּדוֹשִׁים בְּסִימָן נ""ז וּבְסִימָן רע""ז לְעִנְיַן מַעֲלַת אֲכִילַת שַׁבָּת שֶׁהִיא כֻּלָּהּ קֹדֶשׁ וְעוֹלֶה לְמָקוֹם"
Chayei_Moharan 32,Likutei_Moharan 277,"(לב) בָּעִנְיָן הַנִּדְפָּס בִּסְפָרָיו הַקְּדוֹשִׁים בְּסִימָן נ""ז וּבְסִימָן רע""ז לְעִנְיַן מַעֲלַת אֲכִילַת שַׁבָּת שֶׁהִיא כֻּלָּהּ קֹדֶשׁ וְעוֹלֶה לְמָקוֹם אַחֵר לְגַמְרֵי,"
Chayei_Moharan 33,Likutei_Moharan 282,"הַמִּשְׁכָּן שֶׁכָּל אֶחָד מִן הַצַּדִּיקִים בּוֹנִים וְכוּ' כְּמוֹ שֶׁכָּתוּב בְּסִימָן רפ""ב בְּהַתּוֹרָה אֲזַמְּרָה לֵאלֹקַי בְּעוֹדִי. כִּי הַתּוֹרָה אֲזַמְּרָה אָמַר בִּשְׁמִינִי עֲצֶרֶת שֶׁקֹּדֶם"
Chayei_Moharan 35,Likutei_Moharan 285,"שֶׁל הַצַּדִּיק, שׁוּב ""לֹא יִכְבֶּה בַּלַּיְלָה נֵרָהּ"". הַנִּדְפָּס בְּלִקּוּטֵי א' סִימָן רפ""ה:"
Chayei_Moharan 36,Likutei_Moharan 79,"אֶחָד מֵאַנְשֵׁי־שְׁלוֹמֵנוּ כְּשֶׁאָמַר רַבֵּנוּ זִכְרוֹנוֹ לִבְרָכָה הַתּוֹרָה בְּטַח בַּה' בְּסִימָן ע""ט בְּאוֹתָהּ הָעֵת הָיָה הוֹלֵךְ בְּבֵיתוֹ אָנָה וָאָנָה כְּדַרְכּוֹ וְאָחַז מַטֶּה בְּיָדוֹ,"
Chayei_Moharan 38,Likutei_Moharan 135,"פָּסוּק (תְּהִלִּים ע""ה) כִּי אֶקַּח מוֹעֵד אֲנִי מֵישָׁרִים אֶשְׁפֹּט בְּסִימָן קל""ה שֶׁשָּׁם מְדַבֵּר מֵעִנְיַן הַקַּטְנוּת שֶׁנִּתְבַּטֵּל לִפְנֵי הַגַּדְלוּת:"
Chayei_Moharan 39,Likutei_Moharan 141,"(לט) מַה שֶּׁנִּדְפָּס בַּסֵּפֶר הָרִאשׁוֹן בְּסִימָן קמ""א אֶ'ת לְ'בָבְךָ וְ'אֶת לְ'בַב רָאשֵׁי־תֵבוֹת אֱלוּל זֶה שָׁמַעְתִּי מִפִּיו הַקָּדוֹשׁ בְּרֹאשׁ"
Chayei_Moharan 40,Likutei_Moharan 243,וְאָז אָמַר עִנְיַן כָּל הַשִּׁירִים קֹדֶשׁ הַנִּדְפָּס בְּלִקּוּטֵי א' בְּסִימָן רמג:
Chayei_Moharan 41,Likutei_Moharan 5,"(מא) קֹדֶם שֶׁאָמַר הַתּוֹרָה הַגְּדוֹלָה תִּקְעוּ אֱמוּנָה בְּלִקּוּטֵי תִנְיָנָא בְּסִימָן ה' בְּרֹאשׁ־הַשָּׁנָה תק""ע, דִּבֵּר עִמָּנוּ קֹדֶם אוֹתוֹ רֹאשׁ־הַשָּׁנָה, וְסִפֵּר שֶׁהַרְבֵּה אֲנָשִׁים קָבְלוּ"
Chayei_Moharan 42,Likutei_Moharan 7,"אַחַר הַתּוֹרָה וַיְהִי מִקֵּץ כִּי מְרַחֲמָם יְנַהֲגֵם בְּלִקּוּטֵי תִנְיָנָא בְּסִימָן ז' הַמַּתְחִילִין וְזֶה בְּחִינַת קְבוּרַת מֹשֶׁה וְכוּ', אֵלּוּ הַדְּבָרִים הֵם מֵהַדְּבָרִים שֶׁאָמַר"
Chayei_Moharan 43,Likutei_Moharan 8,"(מג) בְּהַתּוֹרָה ""תִּקְעוּ תּוֹכָחָה"", בְּלִקּוּטֵי תִנְיָנָא בְּסִימָן ח', מוּבָא לְעִנְיַן גֹּדֶל עֹצֶם הַמַּעֲלָה כְּשֶׁזּוֹכִין שֶׁנִּתּוֹסֵף נֶפֶשׁ אֶחָד לְהַקִּבּוּץ הַקָּדוֹשׁ"
Chayei_Moharan 43,Likutei_Moharan%2C_Part_II 8,"עַל פָּסוּק (יְשַׁעְיָה ל""ג): ""וּבַל יֹאמַר שָׁכֵן חָלִיתִי"" בְּלִקּוּטֵי תִנְיָנָא סִימָן ח' עַיֵּן שָׁם הֵיטֵב. שִׂים לִבְּךָ הֵיטֵב וְתָשׁוּב וְתִתְפַּלֵּא תִּסָּמֵר שַׂעֲרַת"
Chayei_Moharan 44,Likutei_Moharan%2C_Part_II 50,"(מד) לְעִנְיַן מַה שֶּׁמְּבֹאָר בְּלִקּוּטֵי תִנְיָנָא סִימָן נ' שֶׁהַמַּחֲשָׁבָה בְּיַד הָאָדָם לְתָפְסָהּ בְּיָדוֹ, וּלְהַטּוֹתָהּ כִּרְצוֹנוֹ. וַאֲפִלּוּ כְּשֶׁנּוֹטָה מַחֲשַׁבְתּוֹ"
Chayei_Moharan 46,Likutei_Moharan%2C_Part_II 68,"(מו) קֹדֶם שֶׁגִּלָּה עִנְיָן הַנִּדְפָּס בְּלִקּוּטֵי תִנְיָנָא סִימָן ס""ח. מֵעִנְיַן הַצַּדִּיק שֶׁצָּרִיךְ שֶׁיַּשְׁאִיר בָּנִים וְתַלְמִידִים וְהוּא שַׁיָּךְ לְהַתּוֹרָה כִּי"
Chayei_Moharan 46,Likutei_Moharan 7,שֶׁיַּשְׁאִיר בָּנִים וְתַלְמִידִים וְהוּא שַׁיָּךְ לְהַתּוֹרָה כִּי מְרַחֲמָם יְנַהֲגֵם בְּסִימָן ז' אָז דִּבֵּר שֶׁהָיוּ כַּמָּה גְּדוֹלִים שֶׁכָּל אֶחָד עָשָׂה וְתִקֵּן מַה שֶּׁתִּקֵּן
Chayei_Moharan 47,Likutei_Moharan 71,"(מז) הַתּוֹרָה הַנִּדְפֶּסֶת בְּלִקּוּטֵי תִנְיָנָא בְּסִימָן ע""א הַמַּתְחֶלֶת דַּע שֶׁיֵּשׁ מֹחִין שֶׁל אֶרֶץ־יִשְׂרָאֵל, נֶאֶמְרָה בְּלֵיל שַׁבַּת שִׁירָה לְעִנְיַן"
Chayei_Moharan 48,Likutei_Moharan 72,"(מח) הַתּוֹרָה חַיִּים נִצְחִיִּים שֶׁבְּסִימָן ע""ב בְּלִקּוּטֵי תִנְיָנָא נֶאֶמְרָה בְּעֵת שֶׁבָּא אֶצְלוֹ עַל שַׁבַּת קֹדֶשׁ פָּרָשַׁת יִתְרוֹ"
Chayei_Moharan 49,Likutei_Moharan%2C_Part_II 78,"(מט) בְּעֵת שֶׁאָמַר הַתּוֹרָה וָאֶתְחַנַּן הַנִּדְפָּס בְּלִקּוּטֵי תִנְיָנָא סִימָן ע""ח. וְשָׁם מְדַבֵּר מֵעִנְיַן שֶׁאָסוּר לְיַאֵשׁ עַצְמוֹ לְעוֹלָם אֵיךְ שֶׁיִּהְיֶה חַס"
Chayei_Moharan 50,Likutei_Moharan%2C_Part_II 10,"יִתְבָּרַךְ הוּא מֵחֲמַת שֶׁאֵינָם מְיַשְּׁבִים עַצְמָם, עַיֵּן שָׁם בְּלִקּוּטֵי תִנְיָנָא סִימָן י, וְשָׁם מְדַבֵּר מִשִּׂמְחָה, וְהָיָה הוּא זִכְרוֹנוֹ לִבְרָכָה יוֹשֵׁב אָז בַּחוּץ"
Chayei_Moharan 51,Likutei_Moharan%2C_Part_II 12,"(נא) הַתּוֹרָה ""אַיֵּה מְקוֹם כְּבוֹדוֹ"" בְּלִקּוּטֵי תִנְיָנָא סִימָן י""ב הַמַּתְחֶלֶת כְּשֶׁאָדָם הוֹלֵךְ אַחַר שִׂכְלוֹ וְחָכְמָתוֹ יוּכַל לִפּוֹל בְּטָעוּתִים וּמִכְשׁוֹלִים"
Chayei_Moharan 52,Likutei_Moharan 32,"קֹדֶם שֶׁאָמַר רַבֵּנוּ זִכְרוֹנוֹ לִבְרָכָה הַתּוֹרָה הַנִּדְפֶּסֶת בְּלִקּוּטֵי תִּנְיָנָא בְּסִימָן ל""ב הַמַּתְחֶלֶת יֵשׁ צַדִּיקִים גְּנוּזִים, וְנֶאֶמְרָה בְּשַׁבָּת פָּרָשַׁת יִתְרוֹ תקס""ט לפ""ק [לִפְרָט"
Chayei_Moharan 53,Likutei_Moharan 42,"כִּי הוּא רָאשֵׁי־תֵבוֹת אָ'מֵן כֵּ'ן יְ'הִי רָ'צוֹן כַּנִּדְפַּס בְּלִקּוּטֵי תִּנְיָנָא סִימָן מ""ב:"
Chayei_Moharan 54,Likutei_Moharan 40,"(נד) דִּבֵּר עִמָּנוּ מֵעִנְיַן הַתּוֹרָה הַנִּדְפֶּסֶת בְּלִקּוּטֵי תִּנְיָנָא סִימָן מ' הַמַּתְחֶלֶת מִי שֶׁיּוֹדֵעַ מֵאֶרֶץ־יִשְׂרָאֵל, שֶׁטָּעַם בֶּאֱמֶת טַעַם אֶרֶץ־יִשְׂרָאֵל, וְאָמַר שֶׁהוּא"
Chayei_Moharan 56,Likutei_Moharan 266,"רַבֵּנוּ זִכְרוֹנוֹ לִבְרָכָה בְּעַצְמוֹ מֵעִנְיַן הַתּוֹרָה וַיִּבֶן לוֹ בָּיִת בְּסִימָן רס""ו דַּע כְּשֶׁהָעוֹלָם פּוֹגְמִין בְּמִצְוַת סֻכָּה כְּשֶׁאֵין מְקַיְּמִין אוֹתָהּ כָּרָאוּי גּוֹרְמִין מִיתָה"
Chayei_Moharan 57,Likutei_Moharan 236,"זֶה מֻתָּר לוֹ לִבְנוֹת, כִּי בְּוַדַּאי יֵשׁ לוֹ חָכְמָה, וְסִימָן לַדָּבָר וְיַעֲקֹב נָסַע סֻכֹּתָה וַיִּבֶן עַל־יְדֵי מִצְווֹת סֻכָּה הֻתַּר לוֹ לִבְנוֹת לֵב"
Chayei_Moharan 58,Likutei_Moharan 4,(נח) קֹדֶם שֶׁאָמַר הַתּוֹרָה אָנֹכִי בְּלִקּוּטֵי א' סִימָן ד' סִפֵּר מַעֲשֶׂה זוֹ. מַעֲשֶׂה בְּאִישׁ אֶחָד מֵאַנְשֵׁי הַבַּעַל־שֵׁם־טוֹב זִכְרוֹנוֹ לִבְרָכָה
Chayei_Moharan 59,Likutei_Moharan 3,"(נט) סֵדֶר הַזְּמַנִּים שֶׁל אֲמִירַת הַמַּאֲמָרִים הַנּוֹדָעִים לָנוּ מַאֲמַר אַקְרֻקְתָּא סִימָן ג, שָׁמַעְתִּי שֶׁנֶּאֱמַר בַּשַּׁבָּת הָרִאשׁוֹן שֶׁנִּכְנַס רַבֵּנוּ זִכְרוֹנוֹ לִבְרָכָה לִבְּרֶסְלֶב, סוֹף"
Chayei_Moharan 59,Likutei_Moharan 4,"שֶׁנִּכְנַס רַבֵּנוּ זִכְרוֹנוֹ לִבְרָכָה לִבְּרֶסְלֶב, סוֹף שְׁנַת תקס""ב. מַאֲמַר ""אָנֹכִי"", סִימָן ד, נֶאֱמַר בִּזְלַאטִיפָּלְיֶע בְּשָׁבוּעוֹת. מַאֲמַר ""בַּחֲצוֹצְרוֹת"", סִימָן ה, נֶאֱמַר בְּרֹאשׁ־הַשָּׁנָה תקס""ג."
Chayei_Moharan 59,Likutei_Moharan 5,"תקס""ב. מַאֲמַר ""אָנֹכִי"", סִימָן ד, נֶאֱמַר בִּזְלַאטִיפָּלְיֶע בְּשָׁבוּעוֹת. מַאֲמַר ""בַּחֲצוֹצְרוֹת"", סִימָן ה, נֶאֱמַר בְּרֹאשׁ־הַשָּׁנָה תקס""ג. מַאֲמַר ""קְרָא אֶת יְהוֹשֻׁעַ"", סִימָן ו, נֶאֱמַר"
Chayei_Moharan 59,Likutei_Moharan 6,"""בַּחֲצוֹצְרוֹת"", סִימָן ה, נֶאֱמַר בְּרֹאשׁ־הַשָּׁנָה תקס""ג. מַאֲמַר ""קְרָא אֶת יְהוֹשֻׁעַ"", סִימָן ו, נֶאֱמַר בְּשַׁבַּת־תְּשׁוּבָה שֶׁאַחַר זֶה. מַאֲמַר ""מִשְׁפָּטִים"", סִימָן ז, נֶאֱמַר בְּחֹרֶף"
Chayei_Moharan 59,Likutei_Moharan 7,"אֶת יְהוֹשֻׁעַ"", סִימָן ו, נֶאֱמַר בְּשַׁבַּת־תְּשׁוּבָה שֶׁאַחַר זֶה. מַאֲמַר ""מִשְׁפָּטִים"", סִימָן ז, נֶאֱמַר בְּחֹרֶף תקס""ג. מַאֲמַר ""רָאִיתִי מְנוֹרַת זָהָב"", סִימָן ח, נֶאֱמַר"
Chayei_Moharan 59,Likutei_Moharan 8,"""מִשְׁפָּטִים"", סִימָן ז, נֶאֱמַר בְּחֹרֶף תקס""ג. מַאֲמַר ""רָאִיתִי מְנוֹרַת זָהָב"", סִימָן ח, נֶאֱמַר בְּשַׁבַּת חֲנֻכָּה תקס""ג. מַאֲמַר תְּהֹמֹת יְכַסְיֻמוּ"", סִימָן ט, נֶאֱמַר"
Chayei_Moharan 59,Likutei_Moharan 9,"זָהָב"", סִימָן ח, נֶאֱמַר בְּשַׁבַּת חֲנֻכָּה תקס""ג. מַאֲמַר תְּהֹמֹת יְכַסְיֻמוּ"", סִימָן ט, נֶאֱמַר בְּשַׁבַּת־שִׁירָה תקס""ג. מַאֲמַר ""מִשְׁפָּטִים"", סִימָן י, נֶאֱמַר גַּם־כֵּן בְּחֹרֶף"
Chayei_Moharan 59,Likutei_Moharan 10,"מַאֲמַר תְּהֹמֹת יְכַסְיֻמוּ"", סִימָן ט, נֶאֱמַר בְּשַׁבַּת־שִׁירָה תקס""ג. מַאֲמַר ""מִשְׁפָּטִים"", סִימָן י, נֶאֱמַר גַּם־כֵּן בְּחֹרֶף זֶה בְּטֶירָאוִיצֶע קֹדֶם פּוּרִים. מַאֲמַר ""אֲנִי ה'"
Chayei_Moharan 59,Likutei_Moharan 11,"בְּחֹרֶף זֶה בְּטֶירָאוִיצֶע קֹדֶם פּוּרִים. מַאֲמַר ""אֲנִי ה' הוּא שְׁמִי"", סִימָן י""א, נֶאֱמַר בְּשָׁבוּעוֹת תקס""ג. מַאֲמַר ""תְּהִלָּה לְדָוִד"", סִימָן י""ב, נֶאֱמַר בְּשַׁבַּת־נַחֲמוּ"
Chayei_Moharan 59,Likutei_Moharan 12,"הוּא שְׁמִי"", סִימָן י""א, נֶאֱמַר בְּשָׁבוּעוֹת תקס""ג. מַאֲמַר ""תְּהִלָּה לְדָוִד"", סִימָן י""ב, נֶאֱמַר בְּשַׁבַּת־נַחֲמוּ תקס""ג, וְהִמְתִּיק בְּתוֹכוֹ פֵּרוּשׁ הַפָּסוּק: נַחֲמוּ נַחֲמוּ וְכוּ'."
Chayei_Moharan 59,Likutei_Moharan 13,"וְהִמְתִּיק בְּתוֹכוֹ פֵּרוּשׁ הַפָּסוּק: נַחֲמוּ נַחֲמוּ וְכוּ'. מַאֲמַר אַשְׁרֵי הַשְׁגָּחָה סִימָן י""ג נֶאֱמַר בְּרֹאשׁ־הַשָּׁנָה תקס""ד. מַאֲמַר תִּקְעוּ לְהַמְשִׁיךְ שָׁלוֹם וְכוּ' [סִימָן י""ד]"
Chayei_Moharan 59,Likutei_Moharan 14,"י""ג נֶאֱמַר בְּרֹאשׁ־הַשָּׁנָה תקס""ד. מַאֲמַר תִּקְעוּ לְהַמְשִׁיךְ שָׁלוֹם וְכוּ' [סִימָן י""ד] נֶאֱמַר בְּשַׁבַּת חֲנֻכָּה תקס""ד. מַאֲמַר רַבִּי יוֹחָנָן מִשְׁתָּעֵי סִימָן ט""ז נֶאֱמַר"
Chayei_Moharan 59,Likutei_Moharan 16,"[סִימָן י""ד] נֶאֱמַר בְּשַׁבַּת חֲנֻכָּה תקס""ד. מַאֲמַר רַבִּי יוֹחָנָן מִשְׁתָּעֵי סִימָן ט""ז נֶאֱמַר בְּשַׁבָּת בִּסְעֻדַּת שַׁחֲרִית בְּקַיִץ תקס""ג. מַאֲמַר מְרִיקִים שַׂקֵּיהֶם סִימָן"
Chayei_Moharan 59,Likutei_Moharan 17,"ט""ז נֶאֱמַר בְּשַׁבָּת בִּסְעֻדַּת שַׁחֲרִית בְּקַיִץ תקס""ג. מַאֲמַר מְרִיקִים שַׂקֵּיהֶם סִימָן י""ז נֶאֱמַר בְּשַׁבַּת חֲנֻכָּה תקס""ו. מַאֲמַר קַרְטָלִיתָא סִימָן י""ח כִּמְדֻמֶּה שֶׁנֶּאֱמַר"
Chayei_Moharan 59,Likutei_Moharan 18,"מְרִיקִים שַׂקֵּיהֶם סִימָן י""ז נֶאֱמַר בְּשַׁבַּת חֲנֻכָּה תקס""ו. מַאֲמַר קַרְטָלִיתָא סִימָן י""ח כִּמְדֻמֶּה שֶׁנֶּאֱמַר בְּחֹרֶף תקס""ד בְּטֶירָאוִיצֶע. מַאֲמַר תְּפִלָּה לַחֲבַקּוּק [סִימָן י""ט]"
Chayei_Moharan 59,Likutei_Moharan 19,"י""ח כִּמְדֻמֶּה שֶׁנֶּאֱמַר בְּחֹרֶף תקס""ד בְּטֶירָאוִיצֶע. מַאֲמַר תְּפִלָּה לַחֲבַקּוּק [סִימָן י""ט] נֶאֱמַר בְּשָׁבוּעוֹת תקס""ד. מַאֲמַר תִּשְׁעָה תִּקּוּנִין סִימָן כ' נֶאֱמַר בְּרֹאשׁ־הַשָּׁנָה תקס""ה."
Chayei_Moharan 59,Likutei_Moharan 20,"תְּפִלָּה לַחֲבַקּוּק [סִימָן י""ט] נֶאֱמַר בְּשָׁבוּעוֹת תקס""ד. מַאֲמַר תִּשְׁעָה תִּקּוּנִין סִימָן כ' נֶאֱמַר בְּרֹאשׁ־הַשָּׁנָה תקס""ה. מַאֲמַר עַתִּיקָא סִימָן כ""א נֶאֱמַר בְּשַׁבַּת נַחֲמוּ"
Chayei_Moharan 59,Likutei_Moharan 21,"מַאֲמַר תִּשְׁעָה תִּקּוּנִין סִימָן כ' נֶאֱמַר בְּרֹאשׁ־הַשָּׁנָה תקס""ה. מַאֲמַר עַתִּיקָא סִימָן כ""א נֶאֱמַר בְּשַׁבַּת נַחֲמוּ תקס""ד. מַאֲמַר חוֹתָם בְּתוֹךְ חוֹתָם סִימָן כ""ב,"
Chayei_Moharan 59,Likutei_Moharan 22,"סִימָן כ""א נֶאֱמַר בְּשַׁבַּת נַחֲמוּ תקס""ד. מַאֲמַר חוֹתָם בְּתוֹךְ חוֹתָם סִימָן כ""ב, נֶאֱמַר בְּשָׁבוּעַ שֶׁאַחַר רֹאשׁ־הַשָּׁנָה תקס""ה. מַאֲמַר צִוִּיתָ צֶדֶק סִימָן כ""ג"
Chayei_Moharan 59,Likutei_Moharan 23,"סִימָן כ""ב, נֶאֱמַר בְּשָׁבוּעַ שֶׁאַחַר רֹאשׁ־הַשָּׁנָה תקס""ה. מַאֲמַר צִוִּיתָ צֶדֶק סִימָן כ""ג נֶאֱמַר בְּחֹרֶף תקס""ג. מַאֲמַר אֶמְצָעִיתָא דְעָלְמָא סִימָן כ""ד נֶאֱמַר בִּסְעֻדַּת"
Chayei_Moharan 59,Likutei_Moharan 24,"צִוִּיתָ צֶדֶק סִימָן כ""ג נֶאֱמַר בְּחֹרֶף תקס""ג. מַאֲמַר אֶמְצָעִיתָא דְעָלְמָא סִימָן כ""ד נֶאֱמַר בִּסְעֻדַּת לֵיל שַׁבָּת בְּקַיִץ תקס""ג. מַאֲמַר הַאי גַּבְרָא וְכוּ'"
Chayei_Moharan 59,Likutei_Moharan 29,"נֶאֱמַר בִּסְעֻדַּת לֵיל שַׁבָּת בְּקַיִץ תקס""ג. מַאֲמַר הַאי גַּבְרָא וְכוּ' סִימָן כ""ט בְּשָׁבוּעוֹת תקס""ו. מַאֲמַר מִישְׁרָא דְסַכִּינָא סִימָן ל, נֶאֱמַר בְּשַׁבַּת חֲנֻכָּה"
Chayei_Moharan 59,Likutei_Moharan 30,"הַאי גַּבְרָא וְכוּ' סִימָן כ""ט בְּשָׁבוּעוֹת תקס""ו. מַאֲמַר מִישְׁרָא דְסַכִּינָא סִימָן ל, נֶאֱמַר בְּשַׁבַּת חֲנֻכָּה תקס""ז. מַאֲמַר מַרְכְּבֹת פַּרְעֹה סִימָן ל""ח נֶאֱמַר"
Chayei_Moharan 59,Likutei_Moharan 38,"דְסַכִּינָא סִימָן ל, נֶאֱמַר בְּשַׁבַּת חֲנֻכָּה תקס""ז. מַאֲמַר מַרְכְּבֹת פַּרְעֹה סִימָן ל""ח נֶאֱמַר בְּשַׁבָּת שִׁירָה תקס""ב. מַאֲמַר אַתֶּם נִצָּבִים סִימָן מ""ד נֶאֱמַר"
Chayei_Moharan 59,Likutei_Moharan 44,"פַּרְעֹה סִימָן ל""ח נֶאֱמַר בְּשַׁבָּת שִׁירָה תקס""ב. מַאֲמַר אַתֶּם נִצָּבִים סִימָן מ""ד נֶאֱמַר בְּסוֹף תקס""ב, בְּשַׁבָּת שֶׁקֹּדֶם רֹאשׁ־הַשָּׁנָה. מַאֲמַר עַל אֲשֶׁר מְעַלְתֶּם"
Chayei_Moharan 59,Likutei_Moharan 48,"נֶאֱמַר בְּסוֹף תקס""ב, בְּשַׁבָּת שֶׁקֹּדֶם רֹאשׁ־הַשָּׁנָה. מַאֲמַר עַל אֲשֶׁר מְעַלְתֶּם סִימָן מ""ח נֶאֱמַר בְּאִסְרוּ חַג סֻכּוֹת תקס""ג. מַאֲמַר לַשֶּׁמֶשׁ סִימָן מ""ט נֶאֱמַר"
Chayei_Moharan 59,Likutei_Moharan 49,"מְעַלְתֶּם סִימָן מ""ח נֶאֱמַר בְּאִסְרוּ חַג סֻכּוֹת תקס""ג. מַאֲמַר לַשֶּׁמֶשׁ סִימָן מ""ט נֶאֱמַר בְּשַׁבָּת ג' נִיסָן תקס""ג, אַחַר נִשּׂוּאֵי בִּתּוֹ שָׂרָה זִכְרוֹנָהּ"
Chayei_Moharan 59,Likutei_Moharan 51,"לִבְרָכָה שֶׁהָיוּ בְּרֹאשׁ חֹדֶשׁ נִיסָן בְּמֶעדְוֶעדִוְקֶע. מַאֲמַר אָמַר רַבִּי עֲקִיבָא סִימָן נ""א נֶאֱמַר אַחַר שָׁבוּעוֹת תקס""ג. מַאֲמַר הַנֵּעוֹר בַּלַּיְלָה סִימָן נ""ב נֶאֱמַר"
Chayei_Moharan 59,Likutei_Moharan 52,"עֲקִיבָא סִימָן נ""א נֶאֱמַר אַחַר שָׁבוּעוֹת תקס""ג. מַאֲמַר הַנֵּעוֹר בַּלַּיְלָה סִימָן נ""ב נֶאֱמַר בִּתְחִלַּת שְׁנַת תקס""ג. מַאֲמַר וַיְהִי מִקֵּץ זִכָּרוֹן סִימָן נ""ד"
Chayei_Moharan 59,Likutei_Moharan 54,"סִימָן נ""ב נֶאֱמַר בִּתְחִלַּת שְׁנַת תקס""ג. מַאֲמַר וַיְהִי מִקֵּץ זִכָּרוֹן סִימָן נ""ד נֶאֱמַר בְּשַׁבַּת חֲנֻכָּה שְׁנַת תקס""ה. מַאֲמַר וּבְיוֹם הַבִּכּוּרִים סִימָן נ""ו."
Chayei_Moharan 59,Likutei_Moharan 56,"סִימָן נ""ד נֶאֱמַר בְּשַׁבַּת חֲנֻכָּה שְׁנַת תקס""ה. מַאֲמַר וּבְיוֹם הַבִּכּוּרִים סִימָן נ""ו. נֶאֱמַר בְּשָׁבוּעוֹת תקס""ה. מַאֲמַר תְּלָת נָפְקִין וְהֵיכַל הַקֹּדֶשׁ סִימָנִים נ""ח,"
Chayei_Moharan 59,Likutei_Moharan 60,"סִימָנִים נ""ח, נ""ט, נֶאֶמְרוּ בְּרֹאשׁ־הַשָּׁנָה תקס""ו. מַאֲמַר פָּתַח רַבִּי שִׁמְעוֹן סִימָן ס' נֶאֱמַר בְּרֹאשׁ־הַשָּׁנָה תקס""ז. מַאֲמַר חֲדִי רַבִּי שִׁמְעוֹן סִימָן ס""א נֶאֱמַר"
Chayei_Moharan 59,Likutei_Moharan 61,"שִׁמְעוֹן סִימָן ס' נֶאֱמַר בְּרֹאשׁ־הַשָּׁנָה תקס""ז. מַאֲמַר חֲדִי רַבִּי שִׁמְעוֹן סִימָן ס""א נֶאֱמַר בְּרֹאשׁ־הַשָּׁנָה תקס""ח. מַאֲמַר וַיַּסֵּב סִימָן ס""ב נֶאֱמַר בְּשַׁבַּת שִׁירָה"
Chayei_Moharan 59,Likutei_Moharan 62,"חֲדִי רַבִּי שִׁמְעוֹן סִימָן ס""א נֶאֱמַר בְּרֹאשׁ־הַשָּׁנָה תקס""ח. מַאֲמַר וַיַּסֵּב סִימָן ס""ב נֶאֱמַר בְּשַׁבַּת שִׁירָה תקס""ה. מַאֲמַר סוֹד כַּוָּנַת הַמִּילָה סִימָן ס""ג"
Chayei_Moharan 59,Likutei_Moharan 63,"סִימָן ס""ב נֶאֱמַר בְּשַׁבַּת שִׁירָה תקס""ה. מַאֲמַר סוֹד כַּוָּנַת הַמִּילָה סִימָן ס""ג נֶאֱמַר בְּשַׁבָּת שֶׁקֹּדֶם הַבְּרִית מִילָה שֶׁל בְּנוֹ הַקָּדוֹשׁ שְׁלֹמֹה אֶפְרַיִם"
Chayei_Moharan 59,Likutei_Moharan 65,"זִכְרוֹנוֹ לִבְרָכָה שֶׁנּוֹלַד סָמוּךְ לְרֹאשׁ־חֹדֶשׁ נִיסָן תקס""ה. מַאֲמַר וַיֹּאמֶר בֹּעַז סִימָן ס""ה נֶאֱמַר בְּקַיִץ תקס""ו בְּסָמוּךְ אַחַר פְּטִירַת בְּנוֹ הַקָּדוֹשׁ שְׁלֹמֹה אֶפְרַיִם"
Chayei_Moharan 59,Likutei_Moharan 242,"וְקֹדֶם לָזֶה אָמַר מַאֲמַר דַּע כִּי יֵשׁ אֲרִיךְ אַנְפִּין וְכוּ' סִימָן רמ""ב וּבְיוֹם חֲמִישִׁי שֶׁלְּפָנָיו בָּכָה לְפָנֵינוּ. וּבְשַׁבָּת שֶׁאַחַר זֶה אָמַר מַאֲמַר"
Chayei_Moharan 59,Likutei_Moharan 262,"בָּכָה לְפָנֵינוּ. וּבְשַׁבָּת שֶׁאַחַר זֶה אָמַר מַאֲמַר וְשִׁקֻּוַי בִּבְכִי מָסָכְתִּי סִימָן רס""ב. מַאֲמַר וִיהִי נָא פִּי שְׁנַיִם סִימָן ס""ו נֶאֱמַר אַחַר חֲנֻכָּה"
Chayei_Moharan 59,Likutei_Moharan 66,"וְשִׁקֻּוַי בִּבְכִי מָסָכְתִּי סִימָן רס""ב. מַאֲמַר וִיהִי נָא פִּי שְׁנַיִם סִימָן ס""ו נֶאֱמַר אַחַר חֲנֻכָּה תקס""ז. וּבְשַׁבָּת נֶאֱמַר מֵעִנְיַן שְׁבִירַת מְנִיעוֹת הַמְבֹאָר"
Chayei_Moharan 59,Likutei_Moharan 67,"טוֹב הַמְבֹאָר בְּמָקוֹם אַחֵר (לְקַמָּן פב). מַאֲמַר וַיִּבֶן אֶת הַצֵּלָע סִימָן ס""ז, נֶאֱמַר בְּזַאסְלַאב בְּשָׁבוּעוֹת תקס""ז. מַאֲמַר לְהִתְחַזֵּק בְּכָל פַּעַם נֶגֶד הַיֵּצֶר"
Chayei_Moharan 59,Likutei_Moharan 72,"בְּזַאסְלַאב בְּשָׁבוּעוֹת תקס""ז. מַאֲמַר לְהִתְחַזֵּק בְּכָל פַּעַם נֶגֶד הַיֵּצֶר הָרָע סִימָן ע""ב, נֶאֱמַר בְּאוֹתוֹ הָעֵת שֶׁנּוֹלַד בְּנוֹ הַקָּדוֹשׁ שְׁלֹמֹה אֶפְרַיִם הַנַּ""ל. מַאֲמַר"
Chayei_Moharan 59,Likutei_Moharan 78,"שֶׁנּוֹלַד בְּנוֹ הַקָּדוֹשׁ שְׁלֹמֹה אֶפְרַיִם הַנַּ""ל. מַאֲמַר וְיִתֶּן עֹז לְמַלְכּוֹ סִימָן ע""ח נֶאֱמַר בִּזְלַאטִיפָּאלְיֶע בְּרֹאשׁ־הַשָּׁנָה תקס""א. מַאֲמַר ""זוֹמֵם רָשָׁע לַצַּדִּיק"", סִימָן צ""ו,"
Chayei_Moharan 59,Likutei_Moharan 96,"סִימָן ע""ח נֶאֱמַר בִּזְלַאטִיפָּאלְיֶע בְּרֹאשׁ־הַשָּׁנָה תקס""א. מַאֲמַר ""זוֹמֵם רָשָׁע לַצַּדִּיק"", סִימָן צ""ו, נֶאֱמַר זְמַן רַב קֹדֶם נְסִיעָתוֹ לְאֶרֶץ־יִשְׂרָאֵל. מַאֲמַר צֹהַר תַּעֲשֶׂה לַתֵּבָה"
Chayei_Moharan 59,Likutei_Moharan 112,"נֶאֱמַר זְמַן רַב קֹדֶם נְסִיעָתוֹ לְאֶרֶץ־יִשְׂרָאֵל. מַאֲמַר צֹהַר תַּעֲשֶׂה לַתֵּבָה סִימָן קי""ב נֶאֱמַר בִּתְחִלַּת חֹרֶף תקס""ג. מַאֲמַר מַעְיָן דְּנָפֵק מֵאֲתַר חָד וּמַאֲמַר"
Chayei_Moharan 59,Likutei_Moharan 175,"הַחֲתֻנָּה שֶׁל בִּתּוֹ שָׂרָה זִכְרוֹנָהּ לִבְרָכָה. מַאֲמַר בְּשִׁמְךָ יְגִילוּן וְכוּ' סִימָן קע""ה נֶאֱמַר בְּמוֹצָאֵי שַׁבַּת תְּשׁוּבָה תקס""ה. מַאֲמַר וַיֹּאמֶר ה' סָלַחְתִּי כִּדְבָרֶךָ"
Chayei_Moharan 59,Likutei_Moharan 177,"נֶאֱמַר בְּמוֹצָאֵי שַׁבַּת תְּשׁוּבָה תקס""ה. מַאֲמַר וַיֹּאמֶר ה' סָלַחְתִּי כִּדְבָרֶךָ סִימָן קע""ז נֶאֱמַר בְּשַׁבָּת רֹאשׁ־חֹדֶשׁ חֶשְׁוָן תקס""ה שֶׁהָיָה אָז הַפָאר־שְׁפִּיל שֶׁל בִּתּוֹ"
Chayei_Moharan 59,Likutei_Moharan 197,"שֶׁל בִּתּוֹ מִרְיָם זִכְרוֹנָהּ לִבְרָכָה. מַאֲמַר לָשׁוֹן הָרָע פּוֹגֵם עֲנָוָה סִימָן קצ""ז, נֶאֱמַר קֹדֶם שָׁבוּעוֹת תקס""ה. תִּקּוּן לְמִקְרֵה וְכוּ' סִימָן ר""ה נֶאֱמַר"
Chayei_Moharan 59,Likutei_Moharan 205,"עֲנָוָה סִימָן קצ""ז, נֶאֱמַר קֹדֶם שָׁבוּעוֹת תקס""ה. תִּקּוּן לְמִקְרֵה וְכוּ' סִימָן ר""ה נֶאֱמַר אַחַר שָׁבוּעוֹת תקס""ה. וְהִתְגַּלּוּת הָעֲשָׂרָה קַפִּיטְל תְּהִלִּים הָיְתָה בִּשְׁנַת"
Chayei_Moharan 59,Likutei_Moharan 206,"הָעֲשָׂרָה קַפִּיטְל תְּהִלִּים הָיְתָה בִּשְׁנַת תקס""ט. מַאֲמַר תָּעִיתִי כְּשֶׂה אֹבֵד סִימָן ר""ו, שָׁמַעְתִּי מֵהָרַב רַבִּי נָתָן זִכְרוֹנוֹ לִבְרָכָה שֶׁבְּשָׁעָה שֶׁגִּלָּה רַבֵּנוּ זִכְרוֹנוֹ"
Chayei_Moharan 59,Likutei_Moharan 211,"בָּעִתִּים הַלָּלוּ הַהִתְבּוֹדְדוּת שֶׁלּוֹ. מַאֲמַר מַה שֶּׁהָעוֹלָם נוֹסְעִין עַל רֹאשׁ־הַשָּׁנָה סִימָן רי""א נֶאֱמַר סָמוּךְ לְרֹאשׁ־הַשָּׁנָה תקס""ח. וּבְרֹאשׁ־הַשָּׁנָה נֶאֱמַר מַאֲמַר חֲדִי רַבִּי שִׁמְעוֹן"
Chayei_Moharan 59,Likutei_Moharan 61,"נֶאֱמַר סָמוּךְ לְרֹאשׁ־הַשָּׁנָה תקס""ח. וּבְרֹאשׁ־הַשָּׁנָה נֶאֱמַר מַאֲמַר חֲדִי רַבִּי שִׁמְעוֹן סִימָן ס""א וְשָׁם מְבֹאָר בְּיוֹתֵר עִנְיָן זֶה שֶׁנּוֹסְעִין עַל רֹאשׁ־הַשָּׁנָה לְצַדִּיקִים, וְעִנְיַן"
Chayei_Moharan 59,Likutei_Moharan 211,"עַל רֹאשׁ־הַשָּׁנָה לְצַדִּיקִים, וְעִנְיַן כֻּלְּהוּ בַּמַּחֲשָׁבָה אִתְבְּרִירוּ רַק שֶׁבְּכָאן בְּסִימָן רי""א מְרֻמָּז גַּם מֵעִנְיַן נְסִיעָה עַל קִבְרֵי צַדִּיקִים בִּבְחִינַת וַיִּקַּח מֹשֶׁה אֶת"
Chayei_Moharan 59,Likutei_Moharan 277,"בִּבְחִינַת וַיִּקַּח מֹשֶׁה אֶת עַצְמוֹת יוֹסֵף וְכוּ'. מַאֲמַר בַּקָּמִים עָלַי סִימָן רע""ז וּמַאֲמַר דַּע שֶׁעַל חַלָּף טוֹב וְכוּ' בְּקַנְּאוֹ אֶת קִנְאָתִי וְכוּ'"
Chayei_Moharan 59,Likutei_Moharan 278,"דַּע שֶׁעַל חַלָּף טוֹב וְכוּ' בְּקַנְּאוֹ אֶת קִנְאָתִי וְכוּ' [סִימָן רע""ח] וּמַאֲמַר אֲזַמְּרָה סִימָן רפ""ב נֶאֶמְרוּ בִּשְׁמִינִי עֲצֶרֶת תקס""ח, וְאַחַר סֻכּוֹת בִּנְסִיעָתוֹ"
Chayei_Moharan 59,Likutei_Moharan 282,"טוֹב וְכוּ' בְּקַנְּאוֹ אֶת קִנְאָתִי וְכוּ' [סִימָן רע""ח] וּמַאֲמַר אֲזַמְּרָה סִימָן רפ""ב נֶאֶמְרוּ בִּשְׁמִינִי עֲצֶרֶת תקס""ח, וְאַחַר סֻכּוֹת בִּנְסִיעָתוֹ לְלֶבוּב בְּשָׁעָה שֶׁלִּוּוּ"
Chayei_Moharan 59,Likutei_Moharan%2C_Part_II 1,"שֶׁהוּא גְּמַר מַאֲמַר אֲזַמְּרָה הַנַּ""ל. מַאֲמַר תִּקְעוּ מֶמְשָׁלָה בְּלִקּוּטֵי תִנְיָנָא סִימָן א' נֶאֱמַר בְּרֹאשׁ־הַשָּׁנָה תקס""ט, וְקֹדֶם לָזֶה סִפֵּר מַרְאָה נוֹרָאָה כַּמְבֹאָר בְּמָקוֹם"
Chayei_Moharan 59,Likutei_Moharan 2,"נוֹרָאָה כַּמְבֹאָר בְּמָקוֹם אַחֵר (לְקַמָּן פד). מַאֲמַר יְמֵי חֲנֻכָּה [סִימָן ב] נֶאֱמַר בְּשַׁבַּת חֲנֻכָּה תקס""ט. מַאֲמַר וּבְיוֹם הַבִּכּוּרִים סִימָן ד' נֶאֱמַר בְּשָׁבוּעוֹת"
Chayei_Moharan 59,Likutei_Moharan 4,"חֲנֻכָּה [סִימָן ב] נֶאֱמַר בְּשַׁבַּת חֲנֻכָּה תקס""ט. מַאֲמַר וּבְיוֹם הַבִּכּוּרִים סִימָן ד' נֶאֱמַר בְּשָׁבוּעוֹת תקס""ט. מַאֲמַר תִּקְעוּ אֱמוּנָה סִימָן ה' נֶאֱמַר בְּרֹאשׁ־הַשָּׁנָה"
Chayei_Moharan 59,Likutei_Moharan 5,"וּבְיוֹם הַבִּכּוּרִים סִימָן ד' נֶאֱמַר בְּשָׁבוּעוֹת תקס""ט. מַאֲמַר תִּקְעוּ אֱמוּנָה סִימָן ה' נֶאֱמַר בְּרֹאשׁ־הַשָּׁנָה תק""ע. מַאֲמַר כִּי מְרַחֲמָם סִימָן ז' נֶאֱמַר בְּשַׁבַּת"
Chayei_Moharan 59,Likutei_Moharan 7,"תִּקְעוּ אֱמוּנָה סִימָן ה' נֶאֱמַר בְּרֹאשׁ־הַשָּׁנָה תק""ע. מַאֲמַר כִּי מְרַחֲמָם סִימָן ז' נֶאֱמַר בְּשַׁבַּת חֲנֻכָּה תק""ע. מַאֲמַר תִּקְעוּ תּוֹכָחָה סִימָן ח' נֶאֱמַר"
Chayei_Moharan 59,Likutei_Moharan 8,"מְרַחֲמָם סִימָן ז' נֶאֱמַר בְּשַׁבַּת חֲנֻכָּה תק""ע. מַאֲמַר תִּקְעוּ תּוֹכָחָה סִימָן ח' נֶאֱמַר בְּרֹאשׁ־הַשָּׁנָה תקע""א. סִימָנִים י, י""א, י""ב, י""ג, י""ד, ט""ו,"
Chayei_Moharan 59,Likutei_Moharan 32,"י""ד, ט""ו, ט""ז, י""ז. נֶאֶמְרוּ בְּסוֹף שְׁנַת תקס""ח בַּחֲזִירָתוֹ מִלֶּבוּב. סִימָן ל""ב, יֵשׁ צַדִּיקִים גְּנוּזִים נֶאֱמַר בְּשַׁבָּת פָּרָשַׁת יִתְרוֹ תקס""ט. סִימָן ס""ו,"
Chayei_Moharan 59,Likutei_Moharan 66,"סִימָן ל""ב, יֵשׁ צַדִּיקִים גְּנוּזִים נֶאֱמַר בְּשַׁבָּת פָּרָשַׁת יִתְרוֹ תקס""ט. סִימָן ס""ו, הַצַּדִּיק מֻכְרָח לַעֲשׂוֹת תְּשׁוּבָה נֶאֱמַר בֵּין יוֹם־כִּפּוּר לְסֻכּוֹת תק""ע. וּבָעֵת"
Chayei_Moharan 59,Likutei_Moharan 67,"נוֹרָאִים וְכוּ' (שִׂיחוֹת הָרַ""ן פז). מַאֲמַר בְּרֵאשִׁית לְעֵינֵי כָּל יִשְׂרָאֵל סִימָן ס""ז נֶאֱמַר בְּשַׁבַּת בְּרֵאשִׁית תק""ע. וּמְרֻמָּז שָׁם מֵעִנְיַן הִסְתַּלְּקוּת הָרַב הַקָּדוֹשׁ"
Chayei_Moharan 59,Likutei_Moharan 68,"בְּעַצְמוֹ כַּמּוּבָן מִמַּה שֶּׁחָזַר וְנִשְׁנָה מַאֲמָר זֶה סָמוּךְ לִכְנִיסָתוֹ לְאוּמֶין. סִימָן ס""ח קֹדֶם חֲנֻכָּה תק""ע. סִימָן ע""א חֲבָלִים נָפְלוּ לִי בַּנְּעִימִים שַׁבַּת"
Chayei_Moharan 59,Likutei_Moharan 71,"מַאֲמָר זֶה סָמוּךְ לִכְנִיסָתוֹ לְאוּמֶין. סִימָן ס""ח קֹדֶם חֲנֻכָּה תק""ע. סִימָן ע""א חֲבָלִים נָפְלוּ לִי בַּנְּעִימִים שַׁבַּת שִׁירָה. סִימָן ע""ב חַיִּים נִצְחִיִּים"
Chayei_Moharan 59,Likutei_Moharan 72,"חֲנֻכָּה תק""ע. סִימָן ע""א חֲבָלִים נָפְלוּ לִי בַּנְּעִימִים שַׁבַּת שִׁירָה. סִימָן ע""ב חַיִּים נִצְחִיִּים שַׁבָּת פָּרָשַׁת יִתְרוֹ תק""ע. סִימָן ע""ח שַׁבַּת נַחֲמוּ"
Chayei_Moharan 59,Likutei_Moharan 78,"שַׁבַּת שִׁירָה. סִימָן ע""ב חַיִּים נִצְחִיִּים שַׁבָּת פָּרָשַׁת יִתְרוֹ תק""ע. סִימָן ע""ח שַׁבַּת נַחֲמוּ בְּאוּמֶין. סִפּוּרֵי מַעֲשִׂיּוֹת מַעֲשֶׂה רִאשׁוֹנָה תקס""ו בַּקַּיִץ. מַעֲשֶׂה"
Chayei_Moharan 59,Likutei_Moharan 7,"לִשְׁפֹּךְ שִׂיחוֹ כְּבֵן הַמִּתְחַטֵּא לִפְנֵי אָבִיו וּמַעֲשֶׂה מִזְּקֵנוֹ רַבִּי נַחְמָן סִימָן ז' הָיָה אַחַר שָׁבוּעוֹת תקס""ט. סִימָן כ""ד מַעֲלַת הַזּוֹכֶה לִתֵּן מָעוֹת"
Chayei_Moharan 59,Likutei_Moharan 24,"וּמַעֲשֶׂה מִזְּקֵנוֹ רַבִּי נַחְמָן סִימָן ז' הָיָה אַחַר שָׁבוּעוֹת תקס""ט. סִימָן כ""ד מַעֲלַת הַזּוֹכֶה לִתֵּן מָעוֹת לְצַדִּיקֵי אֱמֶת קַיִץ תקס""ט, וְאַחַר־כָּךְ בְּרֹאשׁ־הַשָּׁנָה"
Chayei_Moharan 59,Likutei_Moharan 32,"וְשָׁם נִכְלָל עִנְיַן צַדִּיק אוֹכֵל לְשׂבַע נַפְשׁוֹ, וְהִשְׂבִּיעַ בְּצַחְצָחוֹת נַפְשֶׁךָ. סִימָן ל""ב צָרִיךְ לְחַזֵּק אֶת עַצְמוֹ בֶּאֱמוּנָה וְכוּ' וְשֶׁעַל־יְדֵי אֱמוּנָה זוֹכִין לָבוֹא"
Chayei_Moharan 59,Likutei_Moharan 7,"לִבְחִינַת רָצוֹן וְכוּ' חֹרֶף תק""ע אַחַר מַאֲמַר כִּי מְרַחֲמָם (סִימָן ז לִקּוּטֵי מוֹהֲרַ""ן תִּנְיָנָא) שֶׁאָמַר בְּשַׁבַּת חֲנֻכָּה. סִימָן מ' בְּעִנְיַן סִפְרֵי הַמְחַקְּרִים"
Chayei_Moharan 59,Likutei_Moharan 40,"כִּי מְרַחֲמָם (סִימָן ז לִקּוּטֵי מוֹהֲרַ""ן תִּנְיָנָא) שֶׁאָמַר בְּשַׁבַּת חֲנֻכָּה. סִימָן מ' בְּעִנְיַן סִפְרֵי הַמְחַקְּרִים וְכוּ' וְעִנְיַן דְּרֵיידִיל הָיָה גַּם־כֵּן בַּחֲנֻכָּה זֶה."
Chayei_Moharan 59,Likutei_Moharan 51,"וְעִנְיַן דְּרֵיידִיל הָיָה גַּם־כֵּן בַּחֲנֻכָּה זֶה. שִׂיחוֹת הַשַּׁיָּכִים לְסִפּוּרֵי מַעֲשִׂיּוֹת סִימָן נ""א הָעוֹלָם הַזֶּה אֵינוֹ כְּלוּם וְכוּ' עַד כִּי כְּבָר הֵם יוֹדְעִים"
Chayei_Moharan 59,Likutei_Moharan 60,"עָנָה וְאָמַר וְכוּ' שֶׁיַּעַמְדוּ וְיִשְׁקְטוּ שִׁמְרֵי הַמֹּחַ וְכוּ' קַיִץ תקס""ט. סִימָן ס' מֵעִנְיַן בִּנְיָנִים, חֹרֶף תק""ע. הַמַּעֲשֶׂה מֵהַסּוּס עִם הַפְּלוֹמְפְּ (סִפּוּרֵי מַעֲשִׂיּוֹת"
Chayei_Moharan 59,Likutei_Moharan 86,"הַמַּעֲשֶׂה מֵהַסּוּס עִם הַפְּלוֹמְפְּ (סִפּוּרֵי מַעֲשִׂיּוֹת בְּסוֹפוֹ) שָׁבוּעוֹת תקס""ז בְּזַאסְלַב. סִימָן פ""ו מֵעִנְיְנֵי חֲתֻנָּה שְׁמִינִי עֲצֶרֶת תקס""ג. סִימָן פ""ז לְפִי בְּחִינַת הַיָּמִים"
Chayei_Moharan 59,Likutei_Moharan 87,"שָׁבוּעוֹת תקס""ז בְּזַאסְלַב. סִימָן פ""ו מֵעִנְיְנֵי חֲתֻנָּה שְׁמִינִי עֲצֶרֶת תקס""ג. סִימָן פ""ז לְפִי בְּחִינַת הַיָּמִים נוֹרָאִים בֵּין יוֹם־הַכִּפּוּרִים לְסֻכּוֹת תק""ע. סִימָן צ""א"
Chayei_Moharan 59,Likutei_Moharan 91,"סִימָן פ""ז לְפִי בְּחִינַת הַיָּמִים נוֹרָאִים בֵּין יוֹם־הַכִּפּוּרִים לְסֻכּוֹת תק""ע. סִימָן צ""א סְגֻלָּה לְהַתְמָדָה עֶרֶב־רֹאשׁ־הַשָּׁנָה שֶׁל תקע""א. סִימָן צ""ג דַּע שֶׁיֵּשׁ אוֹר"
Chayei_Moharan 59,Likutei_Moharan 93,"יוֹם־הַכִּפּוּרִים לְסֻכּוֹת תק""ע. סִימָן צ""א סְגֻלָּה לְהַתְמָדָה עֶרֶב־רֹאשׁ־הַשָּׁנָה שֶׁל תקע""א. סִימָן צ""ג דַּע שֶׁיֵּשׁ אוֹר שֶׁהוּא מֵאִיר בְּאֶלֶף עוֹלָמוֹת, חֹרֶף תקס""ז, קֹדֶם"
Chayei_Moharan 61,Likutei_Moharan 67,"נֹחַ שְׁנַת תק""ע אַחֲרֵי שֶׁאָמַר בְּלֵיל שַׁבָּת הַתּוֹרָה הַמַּתְחֶלֶת (סִימָן סז תִּנְיָנָא): וְזֶה בְּחִינַת הֶסְפֵּד עַל סִלּוּק הַצַּדִּיק, וּבְמוֹצָאֵי־שַׁבָּת נִכְנַסְנוּ אֵלָיו כְּדַרְכֵּנוּ"
Chayei_Moharan 63,Likutei_Moharan 149,"(ד) שַׁיָּךְ לְהַתְחָלַת הַמַּעֲשֶׂה שֶׁל הַשִּׁבְעָה בֶּעטְלֶירְס הַנִּדְפָּס בְּהַשִּׂיחוֹת סִימָן קמ""ט עַיֵּן שָׁם. אַחַר תֵּבוֹת אֲנִי אֲסַפֵּר לָכֶם אֵיךְ פַּעַם אַחַת"
Chayei_Moharan 64,Likutei_Moharan 151,"(ה) שַׁיָּךְ לְהַשִּׂיחוֹת סִימָן קנ""א אַחַר תֵּבוֹת נִשְׂגְּבוֹת מַעֲלָתָם: אַחַר־כָּךְ בְּיוֹם רִאשׁוֹן אַחַר חֲצוֹת עָמַדְנוּ"
Chayei_Moharan 67,Likutei_Moharan 3,"(ח) שַׁיָּךְ לְהַשִּׂיחָה הַנִּדְפֶּסֶת בְּסוֹף סִפּוּרֵי־מַעֲשִׂיּוֹת (שִׂיחוֹת הָרַ""ן סִימָן ג') הַמַּתְחִיל הִפְלִיג מְאֹד בִּגְדֻלַּת הַשֵּׁם יִתְבָּרַךְ. וְשָׁם חָסֵר קְצָת וְלֹא"
Chayei_Moharan 68,Likutei_Moharan 50,"דָּאקְטוֹרִים שֶׁצְּרִיכִים לְהִתְרַחֵק מֵהֶם מְאֹד בְּתַכְלִית הָרִחוּק עַיֵּן שָׁם בְּסִימָן נ'. וְאָמַר שֶׁמִּי שֶׁיֵּשׁ לוֹ חוֹלֶה בְּתוֹךְ בֵּיתוֹ חַס וְשָׁלוֹם, אִם הָיָה"
Chayei_Moharan 68,Likutei_Moharan 50,"הָרְפוּאוֹת, וְאָמַר אָז כַּמָּה תוֹרוֹת מִשִּׂיחוֹת הָרַ""ן עַל זֶה (סִימָן נ), וְגַם מִקֹּדֶם שֶׁנָּסַע לְלֶעמְבֶּערְג הָיָה מְדַבֵּר מֵעִנְיַן זֶה אֲבָל אַחַר־כָּךְ הָיָה"
Chayei_Moharan 69,Likutei_Moharan 192,"כְּרַבּוֹ, בְּחִינַת דְּיוֹ עַל הַסֵּפֶר עַיֵּן שָׁם בְּלִקּוּטֵי א' בְּסִימָן קצ""ב. וּמַעֲשֶׂה שֶׁהָיָה כָּךְ הָיָה, שֶׁנָּסַעְתִּי עִמּוֹ עַל הָעֲגָלָה לְלַוּוֹתוֹ כְּשֶׁנָּסַע לִטְשֶׁעהרִין"
Chayei_Moharan 69,Likutei_Moharan 70,"הַיִתָּכֵן שֶׁאָנוּ מַנִּיחִין אֶת הַשֵּׁם יִתְבָּרַךְ לִגְזֹר (הַמּוּבָא בְּשִׂיחוֹת הָרַ""ן סִימָן ע), אָמַר אַחַר־כָּךְ דִּבְרֵי צַחוּת: ""אֱלֹקִים אַל דֳּמִי לָךְ"" לִבְלִי לְהַנִּיחַ"
Chayei_Moharan 72,Likutei_Moharan 98,"(יג) שַׁיָּךְ לְמַה שֶּׁמְּבֹאָר בְּהַשִּׂיחוֹת (סִימָן צ""ח) שֶׁהַחֹרֶף הִיא בְּחִינַת עִבּוּר וְקַיִץ הוּא בְּחִינַת לֵדָה. וְאָז דִּבֵּר עִמָּנוּ"
Chayei_Moharan 73,Likutei_Moharan 30,"(יד) שַׁיָּךְ לְהַשִּׂיחָה הַנִּדְפֶּסֶת בְּסִימָן ל' מַה שֶּׁכָּתַב שָׁם שֶׁצְּרִיכִין לְהַכּוֹת הָרֹאשׁ בַּקִּיר, הַיְנוּ לְהַכּוֹת הָרֹאשׁ שֶׁהוּא"
Chayei_Moharan 73,Likutei_Moharan 57,"שֶׁהוּא אוֹר הַפָּנִים כַּמְבֹאָר בְּמָקוֹם אַחֵר (לִקּוּטֵי מוֹהֲרַ""ן חֵלֶק א' סִימָן נ""ז): שִׂיחוֹת הַשַּׁיָּכִים לְסֵפֶר הַמִּדּוֹת"
Chayei_Moharan 75,Likutei_Moharan 1,(טז) שַׁיָּךְ לְהָאָלֶף־בֵּית הֶחָדָשׁ אוֹת ד' דַּעַת סִימָן א' הַמַּתְחִיל דַּע כִּי לְכָל הָעוֹלָמוֹת וּלְכָל נִבְרָא יֵשׁ קוֹמָה מְיֻחֶדֶת
Chayei_Moharan 76,Likutei_Moharan 1,"(יז) שַׁיָּךְ לָאָלֶף־בֵּית הֶחָדָשׁ אוֹת דַּעַת סִימָן א' בְּסוֹפוֹ, וְגַם יוֹדֵעַ הִתְאַחֲדוּתָם הַיְנוּ רֵאשִׁיתָם וְתַכְלִיתָם כִּי בְּרֵאשִׁית וּבְתַכְלִית"
Chayei_Moharan 76,Likutei_Moharan%2C_Part_II 39,"זִכְרוֹנוֹ לִבְרָכָה בְּהַתּוֹרָה הַמַּתְחֶלֶת לְכוּ חֲזוּ מִפְעֲלוֹת ה' בְּלִקּוּטֵי תִנְיָנָא סִימָן ל""ט, כִּי לְכָל דָּבָר יֵשׁ הַתְחָלָה וְתַכְלִית וְכוּ', עַיֵּן שָׁם הֵיטֵב."
Chayei_Moharan 77,Likutei_Moharan 236,"עַל־יְדֵי זְרִיזוּת בְּנָקֵל לִהְיוֹת פַּרְנַס הַדּוֹר בְּגַשְׁמִיּוּת אוֹ בְּרוּחָנִיּוּת וְסִימָן לַדָּבָר (מִשְׁלֵי ו) לֵךְ אֶל נְמָלָה עָצֵל, עַל־זֶה כְּתִיב (בְּרֵאשִׁית מט) מִשָּׁ'ם"
Chayei_Moharan 78,Likutei_Moharan 44,"(יט) הַתּוֹרָה אַתֶּם נִצָּבִים בְּלִקּוּטֵי א' בְּסִימָן מ""ד אָמַר בְּשַׁבָּת שֶׁקֹּדֶם רֹאשׁ־הַשָּׁנָה שֶׁל שְׁנַת תקס""ג בַּשַּׁבָּת הָרִאשׁוֹן שֶׁנִּתְקָרַבְתִּי אֵלָיו."
Chayei_Moharan 78,Likutei_Moharan 46,"אָמַר לוֹ רַבֵּנוּ זִכְרוֹנוֹ לִבְרָכָה הַתּוֹרָה עַל מְחִיאַת כַּף שֶׁבְּסִימָן מ""ו. מֵעִנְיַן הַשָּׁלֹשׁ יָדַיִם וְכוּ' עַיֵּן שָׁם אֲבָל זֶה הָאִישׁ מִיאֵן לְהַטּוֹת"
Chayei_Moharan 79,Likutei_Moharan 2,"חֲנֻכָּה הֵם יְמֵי הוֹדָאָה בְּחִינַת תּוֹדָה וְכוּ' בְּלִקּוּטֵי תִנְיָנָא בְּסִימָן ב. זֹאת הַתּוֹרָה אָמַר בְּשַׁבַּת חֲנֻכָּה וּבְאוֹתָהּ שָׁנָה בָּא מִלֶּמְבֶּרְגְּ, וּלְפִי עֲנִיּוּת"
Chayei_Moharan 80,Likutei_Moharan 13,"הַנְּפָשׁוֹת שֶׁנִּמְצָא אָז לְפָנָיו (כַּמְבֹאָר בְּהַתּוֹרָה אַשְׁרֵי בְּלִקּוּטֵי א' בְּסִימָן י""ג. וְכֵן בְּהַתּוֹרָה תִּשְׁעָה תִּקּוּנִים סִימָן כ' בְּלִקּוּטֵי א). וְאַחַר כָּךְ כְּשֶׁבָּא"
Chayei_Moharan 80,Likutei_Moharan 20,"בְּהַתּוֹרָה אַשְׁרֵי בְּלִקּוּטֵי א' בְּסִימָן י""ג. וְכֵן בְּהַתּוֹרָה תִּשְׁעָה תִּקּוּנִים סִימָן כ' בְּלִקּוּטֵי א). וְאַחַר כָּךְ כְּשֶׁבָּא הָאִישׁ הַנַּ""ל אָז גִּלָּה פֵּרוּשׁ"
Chayei_Moharan 83,Likutei_Moharan 20,בָּהֶם רְמָזִים מֵהַמַּעֲשֶׂה הַזֹּאת. וְהַתּוֹרָה הַמַּתְחֶלֶת תִּשְׁעָה תִּקּוּנִין בְּלִקּוּטֵי א' סִימָן כ' הוּא כֻּלּוֹ פֵּרוּשׁ עַל זֹאת הַמַּעֲשֶׂה. וְהַמַּשְׂכִּיל יָבִין שָׁם כַּמָּה
Chayei_Moharan 84,Likutei_Moharan%2C_Part_II 1,"נְשָׁמוֹת הַכְּלוּלִים בַּכִּסֵּא עַיֵּן שָׁם הֵיטִיב כָּל הַתּוֹרָה בְּלִקּוּטֵי תִנְיָנָא סִימָן א' כִּי הוּא פֵּרוּשׁ עַל הַמַּעֲשֶׂה הַנַּ""ל. כִּי זֹאת הַתּוֹרָה נֶאֶמְרָה"
Chayei_Moharan 92,Likutei_Moharan 57,"עַיֵּן בְּלִקּוּטֵי מוֹהֲרַ""ן בְּמַאֲמַר שָׁאַלוּ אֶת ר' יוֹסִי בֶּן קִיסְמָא סִימָן נז מְבַאֵר שָׁם שֶׁעַל יְדֵי אֲכִילָה בִּקְדוּשָׁה מִתְנוֹצְצִים בְּהָאָדָם אוֹר הָאָבוֹת]:"
Chayei_Moharan 94,Likutei_Moharan 65,"לְסַפֵּר הַמַּעֲשֶׂה שֶׁל הַתּוֹרָה וַיֹּאמֶר בֹּעַז אֶל רוּת בְּלִקּוּטֵי א' סִימָן ס""ה שֶׁהִגִּיד בָּעֵת הַהִיא. וְסִפֵּר עַזּוּת הָיָה לוֹ בַּת וּשְׁלָחָהּ אֶל"
Chayei_Moharan 94,Likutei_Moharan 20,"בְּתוֹךְ כָּל תּוֹרָה וְתוֹרָה. וּבִפְרָט הַתּוֹרָה תִּשְׁעָה תִּקּוּנִין בְּלִקּוּטֵי א' סִימָן כ, הוּא פֵּרוּשׁ עַל אוֹתוֹ הַמַּעֲשֶׂה. מַעֲשֶׂה שֶׁל בַּת מֶלֶךְ הַמְסַיֶּמֶת"
Chayei_Moharan 94,Likutei_Moharan 60,לְדַעְתֵּנוּ שַׁיֶּכֶת עַל הַתּוֹרָה הַמַּתְחֶלֶת פָּתַח רַבִּי שִׁמְעוֹן בְּלִקּוּטֵי א' סִימָן ס. מַעֲשֶׂה מֵהַכִּסֵּא (לְעֵיל פד) שַׁיֶּכֶת לְהַתּוֹרָה תִּקְעוּ בַחֹדֶשׁ שׁוֹפָר בְּלִקּוּטֵי
Chayei_Moharan 94,Likutei_Moharan%2C_Part_II 1,מֵהַכִּסֵּא (לְעֵיל פד) שַׁיֶּכֶת לְהַתּוֹרָה תִּקְעוּ בַחֹדֶשׁ שׁוֹפָר בְּלִקּוּטֵי תִנְיָנָא סִימָן א' שֶׁהִיא בֵּאוּר אוֹתָהּ הַמַּעֲשֶׂה:
Chayei_Moharan 96,Likutei_Moharan 10,"בְּחִינַת הַמְחָאַת כַּף וְרִקּוּדִין כַּמּוּבָא בְּהַתּוֹרָה וְאֵלֶּה הַמִּשְׁפָּטִים בְּלִקּוּטֵי א' סִימָן י' הַמְדַבֵּר מֵהַמְחָאַת כַּף וְרִקּוּדִין, שֶׁמְּבֹאָר שָׁם מַאֲמַר הַזֹּהַר הַקָּדוֹשׁ (תִּקּוּנֵי"
Chayei_Moharan 114,Likutei_Moharan%2C_Part_II 62,"אָז הַתּוֹרָה שֶׁל אֵלֶּה מַסְעֵי בְנֵי יִשְׂרָאֵל הַמּוּבָא בְּלִקּוּטֵי תִנְיָנָא סִימָן ס""ב שֶׁמְּדַבֵּר שָׁם מִתִּקּוּן חֵטְא עֲבוֹדָה זָרָה לְכַפֵּר עַל אֵלֶּה אֱלֹהֶיךָ"
Chayei_Moharan 114,Likutei_Moharan 146,"הָיָה בְּבֵית הַזָּקֵן הַנַּ""ל, וְקִבְּלוֹ בְּכָבוֹד גָּדוֹל וְכַמְבֹאָר לְקַמָּן (סִימָן קמו) בְּעִנְיַן נְסִיעָתוֹ לְאֶרֶץ־יִשְׂרָאֵל. וְכַיָּדוּעַ שֶׁגַּם אַחַר־כָּךְ הָיְתָה אַהֲבָה גְּדוֹלָה בֵּינֵיהֶם כְּמִקֶּדֶם,"
Chayei_Moharan 115,Likutei_Moharan 10,[הַגְּזֵירָה לָקַחַת יְהוּדִים לַצָּבָא]. וּבְחֹרֶף זֶה אָמַר מַאֲמַר וְאֵלֶּה הַמִּשְׁפָּטִים סִימָן י' הַמְדַבֵּר מֵרִקּוּדִין וְהַמְחָאַת כַּף). עוֹד שָׁמַעְתִּי שֶׁפַּעַם אַחַת סָמוּךְ לִכְנִיסָתוֹ
Chayei_Moharan 116,Likutei_Moharan 49,"גְּבוֹהָה מְאֹד הַמַּתְחֶלֶת לַשֶּׁמֶשׁ שָׂם אֹהֶל בָּהֶם בְּלִקּוּטֵי א' בְּסִימָן מ""ט וְשָׁם מְרֻמָּז נִיסָן וְשָׂרָה וְיִצְחָק וְכַלָּה וַחֲתֻנָּה וְכוּ'. וְאָמַר שֶׁזֹּאת הַתּוֹרָה"
Chayei_Moharan 116,Likutei_Moharan 8,"חֲנֻכָּה אַחַר אֲמִירַת הַתּוֹרָה הַמַּתְחֶלֶת רָאִיתִי מְנוֹרַת זָהָב בְּלִקּוּטֵי א' סִימָן ח, וְאַחַר־כָּךְ בְּפוּרִים בְּמֶעדְוֶועדִיוְוקֶע, וְאַחַר־כָּךְ עַל הַחֲתֻנָּה הַנַּ""ל. וְאָמַר בְּעַצְמוֹ בְּזֹאת"
Chayei_Moharan 116,Likutei_Moharan 10,עַל־יְדֵי רִקּוּדִין מַמְתִּיקִין הַדִּינִים וּמְבַטְּלִין הַגְּזֵרוֹת כַּמְבֹאָר בְּהַתּוֹרָה וְאֵלֶּה הַמִּשְׁפָּטִים סִימָן י' בְּלִקּוּטֵי א' הַמַּתְחֶלֶת עַל־יְדֵי רִקּוּדִין וְהַמְחָאַת כַּף מַמְתִּיקִין הַדִּינִים. וְגַם
Chayei_Moharan 117,Likutei_Moharan 22,"שֶּׁשָּׁמַע בְּאוֹתוֹ הָעֵת הַיְנוּ מַאֲמַר חוֹתָם בְּתוֹךְ חוֹתָם בְּלִקּוּטֵי א' סִימָן כ""ב הוּא מֵאוֹתוֹ הַתּוֹרָה שֶׁל הַמָּקוֹם הַנַּ""ל, רַק הוּא מְעַט וּמִקְצָת"
Chayei_Moharan 117,Likutei_Moharan 177,"סָ'לַחְתִּי כִּ'דְבָרֶיךָ רָאשֵׁי־תֵבוֹת כּוֹסִ""י, שֶׁנִּדְפַּס מִזֶּה רַק רָאשֵׁי פְרָקִים בְּסִימָן קע""ז בְּלִקּוּטֵי א'. וַאֲנִי פָּסַקְתִּי אָז לוֹמַר קַדִּישׁ עַל אִמִּי זִכְרוֹנָהּ לִבְרָכָה."
Chayei_Moharan 124,Likutei_Moharan%2C_Part_II 2,"אָמַר הַתּוֹרָה הַמַּתְחֶלֶת יְמֵי חֲנֻכָּה הֵם יְמֵי הוֹדָאָה בְּלִקּוּטֵי תִנְיָנָא סִימָן ב'. וְאָז צִוָּה לְזַמֵּר עַל הַשֻּׁלְחָן (תְּהִלִּים קכ""ד): ""שִׁיר הַמַּעֲלוֹת לְדָוִד"
Chayei_Moharan 126,Likutei_Moharan 403,"וְלֹא הִזְהִיר כָּל כָּךְ כְּמוֹתוֹ. וְעוֹד מְבֹאָר בְּמָקוֹם אַחֵר (סִימָן ת""ג) מַה שֶּׁצִּוָּה לַעֲשׂוֹת כְּרוּז וְכוּ' וְאָמַר אָז שֶׁכָּל מִי שֶׁזּוֹכֶה לִהְיוֹת"
Chayei_Moharan 136,Likutei_Moharan 256,"וְגִלָּה לוֹ שֶׁשֵּׁם ""אַתָּה"" מְסֻגָּל עַל הַיָּם כַּמּוּבָא בְּסִפְרוֹ בְּסִימָן רנו כְּמוֹ שֶׁכָּתוּב (תְּהִלִּים פ""ט): ""בְּשׂוֹא גַלָּיו אַתָּה תְשַׁבְּחֵם"" וְיֵשׁ עוֹד בָּזֶה"
Chayei_Moharan 143,Likutei_Moharan 73,"בַּמַּיִם אִתְּךָ אֲנִי"" וְזֹאת הַתּוֹרָה כְּבָר נִדְפַּס בְּלִקּוּטֵי א' (סִימָן עג) וְזֹאת הַתּוֹרָה הָיְתָה יְקָרָה וּגְדוֹלָה בְּעֵינָיו מְאֹד:"
Chayei_Moharan 151,Likutei_Moharan 115,"כִּי בִּכְנִיסָתוֹ לְפֹה נִתְקָרַבְתִּי אֵלָיו מִיָּד בְּסָמוּךְ כַּנִּזְכָּר לְעֵיל (סִימָן קטו), אָז בַּקַּיִץ בִּשְׁנַת תקס""ו בְּחֹדֶשׁ סִיוָן נִפְטַר בְּנוֹ הַיֶּלֶד שְׁלֹמֹה אֶפְרַיִם"
Chayei_Moharan 151,Likutei_Moharan 65,"בְּלִי שִׁעוּר כַּמְבֹאָר בְּהַתּוֹרָה וַיֹּאמֶר בֹּעַז אֶל רוּת בְּלִקּוּטֵי א' סִימָן ס""ה עַיֵּן שָׁם, וּמֵאָז דִּבֵּר הַרְבֵּה מֵעִנְיַן תִּקּוּן הַנְּשָׁמוֹת, וּבִפְרָט אַחַר"
Chayei_Moharan 151,Likutei_Moharan 60,"שֶׁאַחֲרָיו מִיָּד שֶׁהוּא רֹאשׁ־הַשָּׁנָה תקס""ז הַתּוֹרָה פָּתַח רַבִּי שִׁמְעוֹן בְּסִימָן ס שֶׁמְּדַבֶּרֶת מִסִּפּוּרֵי מַעֲשִׂיּוֹת וְכוּ'. וְאָז בְּאוֹתוֹ יוֹם־כִּפּוּר הָיְתָה הַשְּׂרֵפָה רַחֲמָנָא לִצְלַן"
Chayei_Moharan 153,Likutei_Moharan 67,"אָז לִשְׁמֹעַ מִפִּיו הַקָּדוֹשׁ תּוֹרָה נִפְלָאָה וּכְבָר נִדְפְּסָה בַּסֵּפֶר בְּסִימָן ס""ז:"
Chayei_Moharan 167,Likutei_Moharan 282,"שֶׁכָּל אֶחָד מֵהַצַּדִּיקִים בּוֹנִים וְכוּ' כְּמוֹ שֶׁמּוּבָא בְּלִקּוּטֵי א' בְּסִימָן רפ""ב בְּהַתּוֹרָה אֲזַמְּרָה לֵאלֹקַי בְּעוֹדִי:"
Chayei_Moharan 197,Likutei_Moharan 190,"הַשָּׁלוֹם שֶׁהוֹסִיף יוֹם אֶחָד מִדַּעְתּוֹ בְּלִי מִצְוָה (וְעַיֵּן בְּלִקּוּטֵי א' סִימָן ק""צ מִזֶּה). וּבְזֹאת הַבְּחִינָה הִיא עִקַּר הָעֲבוֹדָה וְהַבְּחִירָה כִּי נִשְׁאָר מְסֻפָּק"
Chayei_Moharan 197,Likutei_Moharan 8,"שָׁמַעְנוּ תּוֹרָה נִפְלָאָה וְנוֹרָאָה בְּרֹאשׁ־הַשָּׁנָה הַזֶּה (לִקּוּטֵי מוֹהֲרַ""ן חֵלֶק ב' סִימָן ח) שֶׁהוּא רֹאשׁ־הַשָּׁנָה הָאַחֲרוֹן. וְגַם נִסְתַּלֵּק בִּמְדִינָתֵנוּ בְּאוּמֶין וְנִשְׁאַר הַשְׁאָרָתוֹ הַקְּדוֹשָׁה"
Chayei_Moharan 197,Likutei_Moharan 162,"עַל־יְדֵי־זֶה וְדִבֵּר אָז מֵעִנְיַן קִבְרוֹ כַּמְבֹאָר קְצָת מִזֶּה לְעֵיל (סִימָן קסב) אָז אָמַר בְּזֶה הַלָּשׁוֹן אֲנִי רוֹצֶה לִשָּׁאֵר בֵּינֵיכֶם ""אִיךְ וִויל בְּלַייבְּן"
Chayei_Moharan 205,Likutei_Moharan%2C_Part_II 8,"הַחֲדָשִׁים שֶׁנַּעֲשׂוּ כַּנַּ""ל וְהָבֵן. [וְעַיֵּן בְּהַתּוֹרָה תִּקְעוּ תּוֹכָחָה בְּלִקּוּטֵי תִנְיָנָא סִימָן ח' מֵעִנְיַן הַבָּתִּים עַיֵּן שָׁם]. עָנָה וְאָמַר, זֶה זְמַן רַב שֶׁיֵּשׁ"
Chayei_Moharan 207,Likutei_Moharan 8,"מְחֻבָּר לְהַשִּׂיחָה שֶׁל הַבָּתִּים הַנַּ""ל. (וְעַיֵּן לִקּוּטֵי מוֹהֲרַ""ן חֵלֶק ב' סִימָן ח' אוֹת ז). וְאִם עֵינֵי שֵׂכֶל לְךָ תָּבִין מְעַט עַד הֵיכָן"
Chayei_Moharan 209,Likutei_Moharan 6,וְהֵם אֵינָם יוֹדְעִים כְּלָל מַהוּ חֲרָטָה וְכוּ' כַּנִּדְפַּס בְּהַשִּׂיחוֹת (סִימָן ו):
Chayei_Moharan 215,Likutei_Moharan 78,"בְּעֵת פְּשִׁיטוּתוֹ מֵהַדֶּרֶךְ שֶׁנָּסַע לְאֶרֶץ־יִשְׂרָאֵל. וּבֵאֵר הָעִנְיָן כַּמּוּבָא בְּסִפְרֵנוּ בְּסִימָן ע""ח בְּלִקּוּטֵי תִנְיָנָא עַיֵּן שָׁם. וְאָמַר שֶׁאֵינוֹ יוֹדֵעַ כְּלָל וְנִשְׁבַּע בְּשַׁבָּת קֹדֶשׁ,"
Chayei_Moharan 219,Likutei_Moharan 202,"וְאָמַר אָז שֶׁאֵין אַתֶּם חוֹטְאִים כָּל כָּךְ כַּמְבֹאָר לְעֵיל (סִימָן רב). אֲבָל בְּרֹאשׁ־הַשָּׁנָה אָמַר תּוֹרָה נִפְלָאָה שָׁם בְּאוּמֶין, וְהִיא תִּקְעוּ בְּלִקּוּטֵי תִנְיָנָא"
Chayei_Moharan 219,Likutei_Moharan%2C_Part_II 8,"בְּרֹאשׁ־הַשָּׁנָה אָמַר תּוֹרָה נִפְלָאָה שָׁם בְּאוּמֶין, וְהִיא תִּקְעוּ בְּלִקּוּטֵי תִנְיָנָא סִימָן ח' הַמַּתְחִיל אַף עַל פִּי שֶׁתּוֹכָחָה דָּבָר גָּדוֹל. וּבְרֹאשׁ־הַשָּׁנָה בְּיוֹם הָרִאשׁוֹן"
Chayei_Moharan 222,Likutei_Moharan 219,"בְּרֹאשׁ־הַשָּׁנָה הָאַחֲרוֹן שֶׁאָז הִתְגַבֵּר עָלָיו הַחוֹלַאַת מְאֹד כַּנִּזְכָּר לְעֵיל (סִימָן ריט). וּבְלֵיל הַשֵּׁנִי דְּרֹאשׁ־הַשָּׁנָה אַחַר אֲמִירַת הַתּוֹרָה, אַחַר־כָּךְ הִתְגַבֵּר עָלָיו בְּיוֹתֵר הַחוֹלַאַת"
Chayei_Moharan 229,Likutei_Moharan 188,דִּבֵּר עִמִּי מֵעִנְיָן שֶׁהַשֵּׁם יִתְבָּרַךְ גּוֹמֵר תָּמִיד כַּמּוּבָא לְעֵיל (סִימָן קפח). וּלְבָאֵר כָּל אֵלּוּ הָעִנְיָנִים צְרִיכִין לְסַפֵּר הַרְבֵּה אֲשֶׁר לֹא יַסְפִּיקוּ כַּמָּה
Chayei_Moharan 255,Likutei_Moharan 79,"(טו) אַחַר שֶׁאָמַר הַתּוֹרָה בְּטַח בַּה' וַעֲשֵׂה טוֹב בְּסִימָן ע""ט בְּלִקּוּטֵי א' הָיָה הוֹלֵךְ בְּבֵיתוֹ אָנָה וָאָנָה כְּדַרְכּוֹ וְאָחַז מַטֶּה בְּיָדוֹ"
Chayei_Moharan 255,Likutei_Moharan 36,הַיְנוּ שֶׁזָּכָה לִכְבֹּשׁ אֶת בְּחִירָתוֹ בִּשְׁלֵמוּת כַּמְבֹאָר בַּשִּׂיחוֹת לְעֵיל (סִימָן לו):
Chayei_Moharan 262,Likutei_Moharan 51,"וְהַבּוֹחֵר יִבְחַר לוֹ הָאֱמֶת כִּי הָאֱמֶת הוּא אֶחָד. (וְעַיֵּן בְּסִימָן נ""א בְּלִקּוּטֵי א) וּמִזֹּאת הַשִּׂיחָה בְּעַצְמָהּ יוּכַל לְהָבִין מְעַט גְּדֻלָּתוֹ, כִּי עַל־יְדֵי"
Chayei_Moharan 263,Likutei_Moharan 8,"שְׁלִישִׁית אַחַר שֶׁאָמַר הַתּוֹרָה הַנּוֹרָאָה רָאִיתִי מְנוֹרַת זָהָב בְּלִקּוּטֵי א' סִימָן ח', וּבְפוּרִים, וְאַחַר־כָּךְ בְּרֹאשׁ חֹדֶשׁ נִיסָן הָיְתָה הַחֲתֻנָּה שֶׁל בִּתּוֹ שָׂרָה"
Chayei_Moharan 263,Likutei_Moharan 49,"אַחַר שֶׁאָמַר הַתּוֹרָה הַנּוֹרָאָה וְהוּא כְּחָתָן יֹצֵא מֵחֻפָּתוֹ (בְּלִקּוּטֵי א' סִימָן מ""ט). כִּי בְּעֵת אֲמִירַת הַתּוֹרָה הִתְחִיל בְּקוֹל נִפְלָא מֵאֵלּוּ הַתֵּבוֹת וְהוּא"
Chayei_Moharan 263,Likutei_Moharan 10,"כַּף מַמְתִּיקִין הַדִּינִים וּמְבַטְּלִין הַגְּזֵרוֹת כַּמְבֹאָר בְּהַתּוֹרָה וְאֵלֶּה הַמִּשְׁפָּטִים בְּסִימָן י' לִקּוּטֵי א' שֶׁנֶּאֱמַר לָעִנְיָן זֶה כַּנִּרְשַׁם בְּמָקוֹם אַחֵר (שִׂיחוֹת הָרַ""ן קלא):"
Chayei_Moharan 265,Likutei_Moharan 91,"אֶת הַחֹשֶׁן מִשְׁפָּט עִם הַשַּׁ""ךְ וְהַסְּמַ""ע וְלָמַד בִּזְמַן מוּעָט עַד סִימָן צ""א שֶׁהוּא בְּעֵרֶךְ מָאתַיִם דַּפִּין וְאָמַר שֶׁהוּא יוֹדֵעַ וְזוֹכֵר כָּל סָעִיף"
Chayei_Moharan 267,Likutei_Moharan 64,"הַמַּעֲתִּיק: עַיֵּן בְּלִקּוּטֵי מוֹהֲרַ""ן בְּהַתּוֹרָה בֹּא אֶל פַּרְעֹה חֵלֶק א' סִימָן ס""ד, וּבְלִקּוּטֵי תִנְיָנָא בְּהַתּוֹרָה תִּקְעוּ תּוֹכָחָה סִימָן ח'): פַּעַם אֶחָד הֵרִים"
Chayei_Moharan 267,Likutei_Moharan 8,"פַּרְעֹה חֵלֶק א' סִימָן ס""ד, וּבְלִקּוּטֵי תִנְיָנָא בְּהַתּוֹרָה תִּקְעוּ תּוֹכָחָה סִימָן ח'): פַּעַם אֶחָד הֵרִים יָדָיו עַד כְּתֵפָיו וְהוֹרִידָם מִכְּתֵפָיו וּלְמַטָּה וְאָמַר"
Chayei_Moharan 272,Likutei_Moharan%2C_Part_II 28,"אֶל אַדְמוֹ""ר זַ""ל אַחַר שֶׁאָמַר הַמַּאֲמַר הַמּוּבָא בְּלִקּוּטֵי מוֹהֲרַ""ן תִנְיָנָא סִימָן כח דַּע שֶׁיֵּשׁ חִלּוּקִים בֵּין הַתּוֹרוֹת וְכוּ' וּמוֹרֵנוּ מוֹהֲרַנַ""ת זַ""ל מֵעֹצֶם"
Chayei_Moharan 283,Likutei_Moharan 215,יְלוּד אִשָּׁה שֶׁזָּכָה לְהַשָּׂגוֹת כָּאֵלּוּ לְתַכְלִית הָאֱמֶת. וְעַיֵּן לְעֵיל (סִימָן רטו) מִזֶּה שֶׁבְּעִנְיָן זֶה בִּבְחִינַת אֵינִי יוֹדֵעַ הָיָה חִדּוּשׁ מֻפְלָג מְאֹד כַּאֲשֶׁר
Chayei_Moharan 320,Likutei_Moharan 123,"עִנְיָן עַם נָבָל וְלֹא חָכָם, כַּמְבֹאָר בַּסֵּפֶר לִקּוּטֵי א' בְּסִימָן קכ""ג, מִן הַסְּתָם מִי שֶׁיָּכוֹל לִלְמֹד בְּיוֹתֵר מְסֻגָּל בְּיוֹתֵר:"
Chayei_Moharan 356,Likutei_Moharan 60,"(יז) אַחַר שֶׁמָּסַר הַתּוֹרָה פָּתַח רַבִּי שִׁמְעוֹן בְּלִקּוּטֵי א' סִימָן ס' אָמַר שֶׁהָיְתָה חֲתֻנָּה יָפָה ""סֶע גִּיוֶוען אַשֵׁיין חֲתֻנְקַלֶע"" וְהָיָה רָאוּי"
Chayei_Moharan 361,Likutei_Moharan 20,"בְּעֵינַי בְּשָׁעָה שֶׁהִתְחִיל לוֹמַר הַתּוֹרָה תִּשְׁעָה תִּקּוּנִין יַקִּירִין וְכוּ' (סִימָן כ' בְּלִקּוּטֵי מוֹהֲרַ""ן) שֶׁהָיָה כּוֹפֵל אֵלּוּ הַתֵּבוֹת תִּשְׁעָה תִּקּוּנִין וְכוּ' כַּמָּה פְּעָמִים."
Chayei_Moharan 362,Likutei_Moharan 33,"וּפְרִי־עֵץ־חַיִּים. כְּגוֹן הַתּוֹרָה שֶׁל מִי הָאִישׁ הֶחָפֵץ חַיִּים (בְּלִקּוּטֵי א' סִימָן ל""ג) יֵשׁ בּוֹ סוֹד כַּוָּנַת לוּלָב אַף־עַל־פִּי שֶׁלֹּא נִזְכָּר בּוֹ דָּבָר"
Chayei_Moharan 362,Likutei_Moharan 387,"(שָׁם קא) כִּמְדֻמֶּה לִי שֶׁיֵּשׁ בּוֹ כַּוָּנַת קִדּוּשׁ (עַיֵּן לְקַמָּן סִימָן שפז), וְכַיּוֹצֵא בָּזֶה שְׁאָרֵי הַמַּאֲמָרִים. וְשָׁמַעְתִּי מִפִּיו הַקָּדוֹשׁ שֶׁאָמַר, שֶׁרָצָה לַעֲשׂוֹת"
Chayei_Moharan 362,Likutei_Moharan 38,"וְכֵן כַּמָּה תּוֹרוֹת יֵשׁ בְּהַסֵּפֶר, כְּגוֹן ""מַרְכְּבוֹת פַּרְעֹה"" (בְּלִקּוּטֵי מוֹהֲרַ""ן סִימָן לח), ""אַשְׁרֵי הָעָם־זַרְקָא"" (שָׁם, סִימָן לה) וְעוֹד כַּמָּה תּוֹרוֹת שֶׁאָמַר בְּאוֹתָן"
Chayei_Moharan 362,Likutei_Moharan 35,"כְּגוֹן ""מַרְכְּבוֹת פַּרְעֹה"" (בְּלִקּוּטֵי מוֹהֲרַ""ן סִימָן לח), ""אַשְׁרֵי הָעָם־זַרְקָא"" (שָׁם, סִימָן לה) וְעוֹד כַּמָּה תּוֹרוֹת שֶׁאָמַר בְּאוֹתָן הָעִתִּים, וְכֻלָּם הֵם סוֹד כַּוָּנוֹת"
Chayei_Moharan 364,Likutei_Moharan 128,"כְּבוֹד אֱלֹקִים הַסְתֵּר דָּבָר וְהַמַּשְׂכִּילִים יָבִינוּ: (כו) [נִדְפַּס בְּשִׂיחוֹת הָרַ""ן סִימָן קכח] סִפֵּר שֶׁיָּדַע כָּל דִּבְרֵי הָעֵץ חַיִּים וּפְרִי עֵץ חַיִּים וְכָל"
Chayei_Moharan 387,Likutei_Moharan 101,"שֶׁכַּוָּנוֹת שֶׁל קִדּוּשׁ הֵם בֶּאֱמֶת בַּמַּאֲמָר בִּקְרֹב עָלַי הַשֵּׁנִי בְּסִימָן ק""א:"
Chayei_Moharan 389,Likutei_Moharan 594,"הֵיטֵב וְתָבִין מְעַט דַּרְכֵי הַסֵּפֶר הַקָּדוֹשׁ הַזֶּה. (וְעַיֵּן לְקַמָּן בְּהַשִּׂיחוֹת סִימָן תקצ""ד מְבֹאָר גַּם־כֵּן מַה שֶּׁבֵּאֵר לִי פַּעַם אַחַת וְאָמַר לִי, כִּי"
Chayei_Moharan 390,Likutei_Moharan%2C_Part_II 4,"(נב) בְּלִקּוּטֵי תִנְיָנָא סִימָן ד', מַה שֶּׁמְּבֹאָר שָׁם מֵעִנְיַן רְפוּאַת הַמַּכָּה וְלִכְאוֹרָה אֵין פֵּרוּשׁ לַדְּבָרִים"
Chayei_Moharan 395,Likutei_Moharan 21,"אַחַר מִיתָתוֹ וְכוּ' [וּמְבֹאָר בְּמָקוֹם אַחֵר לְעֵיל ""סִפּוּרִים חֲדָשִׁים"" סוֹף סִימָן כ""א] (לְעֵיל קא):"
Chayei_Moharan 400,Likutei_Moharan 8,"כִּי יֵשׁ כַּמָּה מִינֵי חַיִּים כַּמְבֹאָר בְּמָקוֹם אַחֵר עַיֵּן לְעֵיל סִימָן ח', וּכְמוֹ שֶׁנִּמְצָאִים בְּנֵי אָדָם שֶׁחַיִּים חַיֵּי צַעַר וְאֵין נִכָּר לְהָעוֹלָם"
Chayei_Moharan 412,Likutei_Moharan 64,"שֶׁל חֲקִירוֹת הַנַּ""ל. גַּם עַיֵּן בְּהַתּוֹרָה בֹּא אֶל פַּרְעֹה בְּסִימָן ס""ד בְּלִקּוּטֵי א' שֶׁמְּבֹאָר שָׁם גֹּדֶל הָאִסּוּר לִכְנֹס בַּחֲקִירוֹת, כִּי נִמְשָׁכִין מֵחָלָל"
Chayei_Moharan 415,Likutei_Moharan 21,"הַיְדִיעָה וְהַבְּחִירָה, כְּבָר מְבֹאָר [בְּהַסֵּפֶר לִקּוּטֵי מוֹהֲרַ""ן בְּהַתּוֹרָה בְּהַעֲלֹתְךָ בְּסִימָן כ""א] שֶׁזֶּהוּ בְּחִינַת שֵׂכֶל הַמַּקִּיף שֶׁאֵינוֹ נִכְנָס לְתוֹךְ הַשֵּׂכֶל הַזֶּה עַד לֶעָתִיד,"
Chayei_Moharan 443,Likutei_Moharan%2C_Part_II 125,"עַמְּךָ וְכוּ' אַשְׁרֵינוּ וְכוּ' וְכַמּוּבָא בִּדְבָרָיו זִכְרוֹנוֹ לִבְרָכָה בְּלִקּוּטֵי תִנְיָנָא סִימָן קכ""ה עַיֵּן שָׁם: עֲבוֹדַת הַשֵּׁם"
Chayei_Moharan 446,Likutei_Moharan%2C_Part_II 32,"הַמַּגִּיד מִטִּירָהאוִויצֶע. הַיְנוּ הַתּוֹרָה הַמַּתְחֶלֶת יֵשׁ צַדִּיקִים גְּנוּזִים בְּלִקּוּטֵי תִנְיָנָא סִימָן ל""ב. וְצִוָּה עָלַי לַחֲזֹר וְלוֹמַר הַתּוֹרָה הַזֹּאת לִפְנֵי הַנַּ""ל בְּעוֹדֵינוּ עוֹמְדִים"
Chayei_Moharan 459,Likutei_Moharan 166,"עוֹד סִימָנִים דְּהַיְנוּ חִכּוּךְ הַחֹטֶם וַעֲטִישׁוֹת וְעוֹד כַּמָּה סִימָנִים, וְכָל סִימָן וְסִימָן שֶׁל הַחוֹלַאַת הוּא גַּם־כֵּן חוֹלַאַת בִּפְנֵי עַצְמוֹ, וּמִי שֶׁנִּשְׁלַח אֵלָיו"
Chayei_Moharan 472,Likutei_Moharan 30,"הָרָגִיל אֵינוֹ מוֹעִיל כְּלָל כַּיָּדוּעַ בְּחוּשׁ. וּכְבָר מְבֹאָר (שִׂיחוֹת הָרַ""ן סִימָן ל) שֶׁאֵין צְרִיכִין לְבַלְבֵּל עַצְמוֹ בִּשְׁבִיל נְקִיּוּת רַק בְּעֵת שֶׁנִּצְרָךְ לִנְקָבָיו"
Chayei_Moharan 483,Likutei_Moharan 426,"מִקֹּדֶם כְּפִי הַדִּין מִדִּינָא דִּגְמָרָא כַּמּוּבָא בְּטוּרֵי זָהָב וּבְמָגֵן־אַבְרָהָם בְּסִימָן תכ""ו. וְעַיֵּן בְּמִשְׁבְּצוֹת זָהָב שָׁם. פַּעַם אַחַת נִתְאַחַרְתִּי בְּקִדּוּשׁ הַלְּבָנָה וְצִוָּה עָלַי"
Chayei_Moharan 494,Likutei_Moharan 12,בָּהֶם קְצָת רְמָזִים נִפְלָאִים וְנוֹרָאִים (אָמַר הַמַּעְתִּיק עַיֵּן בְּלִקּוּטֵי א' סִימָן יב בַּמַּאֲמָר תְּהִלָּה לְדָוִד וּבְלִקּוּטֵי הֲלָכוֹת הִלְכוֹת תַּלְמוּד־תּוֹרָה הֲלָכָה ג' וְתָבִין
Chayei_Moharan 510,Likutei_Moharan 5,"כְּלָל אַף־עַל־פִּי־כֵן הֵם נֶאֶמְרוּ עַל עִנְיַן תְּפִלִּין. וְהֵם בַּחֲצוֹצְרוֹת בְּסִימָן ה. אָנֹכִי ה' אֱלֹקֶיךָ בְּסִימָן ד' וּמִי הָאִישׁ הֶחָפֵץ חַיִּים בְּסִימָן ל""ג,"
Chayei_Moharan 510,Likutei_Moharan 4,"עִנְיַן תְּפִלִּין. וְהֵם בַּחֲצוֹצְרוֹת בְּסִימָן ה. אָנֹכִי ה' אֱלֹקֶיךָ בְּסִימָן ד' וּמִי הָאִישׁ הֶחָפֵץ חַיִּים בְּסִימָן ל""ג, וְאַשְׁרֵי הָעָם יוֹדְעֵי תְרוּעָה סִימָן"
Chayei_Moharan 510,Likutei_Moharan 33,"אָנֹכִי ה' אֱלֹקֶיךָ בְּסִימָן ד' וּמִי הָאִישׁ הֶחָפֵץ חַיִּים בְּסִימָן ל""ג, וְאַשְׁרֵי הָעָם יוֹדְעֵי תְרוּעָה סִימָן ל""ה, וּמַרְכְּבוֹת פַּרְעֹה בְּסִימָן ל""ח כֻּלָּם"
Chayei_Moharan 510,Likutei_Moharan 35,"וּמִי הָאִישׁ הֶחָפֵץ חַיִּים בְּסִימָן ל""ג, וְאַשְׁרֵי הָעָם יוֹדְעֵי תְרוּעָה סִימָן ל""ה, וּמַרְכְּבוֹת פַּרְעֹה בְּסִימָן ל""ח כֻּלָּם בְּלִקּוּטֵי הָרִאשׁוֹן. וְעוֹד מַאֲמָרִים רַבִּים"
Chayei_Moharan 510,Likutei_Moharan 38,"ל""ג, וְאַשְׁרֵי הָעָם יוֹדְעֵי תְרוּעָה סִימָן ל""ה, וּמַרְכְּבוֹת פַּרְעֹה בְּסִימָן ל""ח כֻּלָּם בְּלִקּוּטֵי הָרִאשׁוֹן. וְעוֹד מַאֲמָרִים רַבִּים אֲשֶׁר נֶאֶמְרוּ בְּאוֹתָן הַזְּמַנִּים כֻּלָּם"
Chayei_Moharan 520,Likutei_Moharan 104,"הַרְבֵּה תְּחִנּוֹת וּבַקָּשׁוֹת בְּתוֹךְ הַסִּדּוּרִים הַגְּדוֹלִים וְכוּ' כַּנִּדְפָּס בְּלִקּוּטֵי תִּנְיָנָא סִימָן ק""ד וְאָמַר אֲנִי מְקַנֵּא אֶת ר""י חֲתַן ר""י שֶׁיָּכוֹל לוֹמַר הַרְבֵּה."
Chayei_Moharan 521,Likutei_Moharan 105,"בַּתּוֹרָה שֶׁהוּא תִּקּוּן גָּדוֹל לְהִרְהוּרִים כַּמְבֹאָר בְּמָקוֹם אַחֵר (בְּלִקּוּטֵי תִּנְיָנָא סִימָן ק""ה). אָנֹכִי שָׁמַעְתִּי מִפִּיו הַקָּדוֹשׁ כַּמָּה וְכַמָּה פְּעָמִים שֶׁהִזְהִיר מְאֹד לְחַדֵּשׁ"
Chayei_Moharan 533,Likutei_Moharan 16,"רַבֵּנוּ זִכְרוֹנוֹ לִבְרָכָה בְּהַסֵּפֶר הָרִאשׁוֹן בְּהַתּוֹרָה רַבִּי יוֹחָנָן מִשְׁתָּעֵי (בְּסִימָן טז) וַחֲזִינַן הַאי כַּוְרָא וְכוּ' עַיֵּן שָׁם, וּבְסֵפֶר לִקּוּטֵי תִּנְיָנָא בְּהַתּוֹרָה הַמַּתְחֶלֶת"
Chayei_Moharan 533,Likutei_Moharan 78,"תִּנְיָנָא בְּהַתּוֹרָה הַמַּתְחֶלֶת בְּעִנְיַן הַנְהָגַת הַפְּשִׁיטוּת שֶׁל הַצַּדִּיק הָאֱמֶת בְּסִימָן ע""ח עַיֵּן שָׁם, שֶׁלִּפְעָמִים צְרִיכִין לִהְיוֹת אִישׁ פָּשׁוּט מַמָּשׁ עַיֵּן שָׁם הֵיטֵב:"
Chayei_Moharan 536,Likutei_Moharan 48,"שֶׁיִּסְתַּלֵּק לְגַמְרֵי. וְעַיֵּן בְּמָקוֹם אַחֵר מִזֶּה (לִקּוּטֵי מוֹהֲרַ""ן חֵלֶק ב' סִימָן מח) שֶׁצְּרִיכִין לִהְיוֹת עַקְשָׁן גָּדוֹל כְּנֶגְדּוֹ פַּעַם אַחַר פַּעַם וַאֲפִלּוּ מֵאָה"
Chayei_Moharan 540,Likutei_Moharan 98,"מֵת אוֹ מַלְאָךְ וְכַיּוֹצֵא בָּזֶה. וְעַיֵּן בְּמָקוֹם אַחֵר (בְּלִקּוּטֵי מוֹהֲרַ""ן סִימָן צח) מַה שֶּׁמְּבֹאָר עַל פָּסוּק (תְּהִלִּים ל""ד): ""עֵינֵי ה' אֶל צַדִּיקִים"""
Chayei_Moharan 543,Likutei_Moharan 206,"הַנְּעוּרִים. וְכֵן מְבֹאָר בְּהַתּוֹרָה תָּעִיתִי כְּשֶׂה אוֹבֵד [בְּלִקּוּטֵי א' בְּסִימָן ר""ו] הַחִלּוּק שֶׁבֵּין עוּל יָמִים לְזָקֵן עַיֵּן שָׁם. וְכֵן שָׁמַעְנוּ וְרָאִינוּ כַּמָּה"
Chayei_Moharan 553,Likutei_Moharan 72,"הַבַּעַל־שֵׁם־טוֹב זִכְרוֹנוֹ לִבְרָכָה בְּלִי שִׁעוּר וָעֵרֶךְ כְּלָל. וּכְשֶׁאָמַר (בְּלִקּוּטֵי תִּנְיָנָא סִימָן ע""ב) מֵעִנְיַן הַמַּנְהִיג שֶׁצָּרִיךְ אִישׁ שֶׁיִּהְיֶה קָדוֹשׁ וּפָרוּשׁ גָּדוֹל בִּבְחִינַת קְדֻשַּׁת"
Chayei_Moharan 564,Likutei_Moharan%2C_Part_II 7,"הַקְּדוֹשִׁים שֶׁדִּבֵּר עִמָּנוּ אַחַר הַתּוֹרָה כִּי מְרַחֲמֵם יְנַהֲגֵם [בְּלִקּוּטֵי תִנְיָנָא סִימָן ז'], וְאָמַר אָז שֶׁאֱמוּנָה הִיא מַדְרֵגָה אַחֲרוֹנָה אֲבָל עַל יָדָהּ זוֹכִין"
Chayei_Moharan 573,Likutei_Moharan 19,"וְכוּ' וְהִפְלִיג אָז בְּשֶׁבַח עֵסֶק הַתּוֹרָה כַּמְבֹאָר בְּהַשִּׂיחוֹת שֶׁאַחַר הַסִּפּוּרֵי־מַעֲשִׂיּוֹת סִימָן י""ט, שָׁאַל לוֹ הָרַב רַבִּי נָתָן זִכְרוֹנוֹ לִבְרָכָה וְאִם אֶחָד הוּא"
Chayei_Moharan 585,Likutei_Moharan%2C_Part_II 80,"אֶצְלוֹ כָּל תַּאֲוָתוֹ אֶל הַמָּמוֹן: (אָמַר הַמַּעְתִּיק עַיֵּן בְּלִקּוּטֵי תִנְיָנָא סִימָן מ""ם מִי שֶׁיּוֹדֵעַ מֵאֶרֶץ־יִשְׂרָאֵל וְכוּ' בְּסוֹף הַמַּאֲמָר מוּבָן שָׁם שֶׁשֶּׁפַע שֶׁל"
Chayei_Moharan 585,Likutei_Moharan%2C_Part_II 63,"הַמָּזוֹן הֲלָכָה ד' אוֹת ט""ז עַיֵּן שָׁם. וְעַיֵּן בְּלִקּוּטֵי תִנְיָנָא סִימָן ס""ג עַל עִנְיַן קְחוּ מִזִּמְרַת הָאָרֶץ רְצוֹנוֹ לוֹמַר נִגּוּן שֶׁל אֶרֶץ"
Chayei_Moharan 590,Likutei_Moharan%2C_Part_II 46,"הָעוֹבֵר עֲבֵרָה וּמִתְבַּיֵּשׁ בָּהּ מוֹחֲלִין לוֹ וְכוּ' וְעַיֵּן בְּלִקּוּטֵי תִנְיָנָא סִימָן מ""ו וּבְהַשִּׂיחוֹת (סִימָן יב) שֶׁמַּה שֶּׁנִּלְחָמִין עִם הַמַּחֲשָׁבוֹת זָרוֹת בִּשְׁעַת הַתְּפִלָּה"
Chayei_Moharan 590,Likutei_Moharan 12,"מוֹחֲלִין לוֹ וְכוּ' וְעַיֵּן בְּלִקּוּטֵי תִנְיָנָא סִימָן מ""ו וּבְהַשִּׂיחוֹת (סִימָן יב) שֶׁמַּה שֶּׁנִּלְחָמִין עִם הַמַּחֲשָׁבוֹת זָרוֹת בִּשְׁעַת הַתְּפִלָּה לְהַכְנִיעַ אוֹתָם, אוֹ עַל־כָּל־פָּנִים"
Chayei_Moharan 595,Likutei_Moharan 7,"מֵהַשִּׁדּוּךְ עוֹשֶׂה רֹשֶׁם בּוֹ וּבָהּ, עַיֵּן שָׁם בְּאוֹת חִתּוּן בְּסִימָן ז'. וְהַדָּבָר נִרְאֶה לָעֵינַיִם כִּי יָדַע בָּזֶה סוֹדוֹת נוֹרָאִים שֶׁלֹּא נִתְגַּלוּ בָּעוֹלָם,"
Chayei_Moharan 602,Likutei_Moharan 215,"הוּא עוֹסֵק לְהַעֲלוֹת נְשָׁמוֹת הַנְּפוּלוֹת לְהַשֵּׁם יִתְבָּרַךְ. וְעַיֵּן בְּלִקּוּטֵי א' סִימָן רט""ו שָׁם מְבֹאָר גַּם־כֵּן שֶׁמֹּשֶׁה גַּם עַתָּה לְאַחַר מוֹתוֹ הוּא עוֹסֵק"
Chayei_Moharan 604,Likutei_Moharan 1,וּמוּבָא בִּדְבָרָיו זִכְרוֹנוֹ לִבְרָכָה בְּהַתּוֹרָה תִּקְעוּ מֶמְשָׁלָה בְּלִקּוּטֵי תִנְיָנָא בְּסִימָן א' עַיֵּן שָׁם הֵיטֵב:
Chayei_Moharan 607,Likutei_Moharan%2C_Part_II 32,"(קסד) שַׁיָּךְ לַמַּאֲמָר שְׁמִי שֶׁנִּכְתַּב בִּקְדֻשָּׁה (לִקּוּטֵי תִנְיָנָא סִימָן ל""ב). זֶה הַמַּאֲמָר נֶאֱמַר עַל־פִּי שְׁאֵלָה שֶׁשָּׁאַל הַמַּגִּיד מִטִּירָאוִויצֶע אֶת רַבֵּנוּ"
Chayei_Moharan 612,Likutei_Moharan 2,"אֲשֶׁר שָׁם הַלָּשׁוֹן מְתֻקָּן יוֹתֵר בְּהַתּוֹרָה אֱמֹר אֶל הַכֹּהֲנִים בְּסִימָן ב' בְּאוֹת ז' בְּהַסֵּפֶר הַנִּדְפָּס. כָּתוּב שָׁם, וְהַנְּשָׁמוֹת עִם הַתְּפִלָּה נִקְרָא כָּבוֹד"
