Ref1,Ref2,Ref1_snipette
Chayei_Moharan 1,Likutei_Moharan 5,"(א) הַתּוֹרָה בַּחֲצוֹצְרוֹת (סִימָן ה) אָמַר בְּרֹאשׁ־הַשָּׁנָה פֹּה בְּרֶסְלֶב שְׁנַת תקס""ג. וְרֹאשׁ הַשָּׁנָה חָל אָז בְּיוֹם"
Chayei_Moharan 2,Likutei_Moharan 6,"(ב) הַתּוֹרָה קְרָא אֶת יְהוֹשֻׁעַ בְּסִימָן וא""ו אָמַר בְּשַׁבַּת תְּשׁוּבָה שֶׁאַחַר רֹאשׁ־הַשָּׁנָה הַנִּזְכָּר לְעֵיל. וְאָז הִזְכִּיר בְּהַתְחָלַת הַתּוֹרָה"
Chayei_Moharan 3,Likutei_Moharan 7,"(ג) קֹדֶם שֶׁאָמַר הַתּוֹרָה מִשְׁפָּטִים אֱמוּנָה בְּסִימָן ז', שָׁמַעְתִּי מִמֶּנּוּ זִכְרוֹנוֹ לִבְרָכָה, הַתּוֹרָה צֹהַר תַּעֲשֶׂה לַתֵּבָה בְּסִימָן קי""ב, וְכָתַבְתִּי"
Chayei_Moharan 3,Likutei_Moharan 112,"ז', שָׁמַעְתִּי מִמֶּנּוּ זִכְרוֹנוֹ לִבְרָכָה, הַתּוֹרָה צֹהַר תַּעֲשֶׂה לַתֵּבָה בְּסִימָן קי""ב, וְכָתַבְתִּי מַה שֶּׁשָּׁמַעְתִּי כְּפִי מַה שֶּׁנִּדְפַּס בַּסִּימָן הַנַּ""ל. אַךְ אַחַר־כָּךְ אָמַר"
Chayei_Moharan 3,Likutei_Moharan 9,"שֶּׁנִּדְפַּס בַּסִּימָן הַנַּ""ל. אַךְ אַחַר־כָּךְ אָמַר הַתּוֹרָה תְּהֹמֹת יְכַסְיֻמוּ בְּסִימָן ט', וְשָׁם נִכְלָל הַתּוֹרָה צֹהַר הַנַּ""ל, וְהַתּוֹרָה תְּהֹמֹת יְכַסְיֻמוּ נֶאֶמְרָה בְּשַׁבַּת שִׁירָה"
Chayei_Moharan 4,Likutei_Moharan 8,"(ד) כְּשֶׁאָמַר הַתּוֹרָה רָאִיתִי מְנוֹרַת זָהָב בְּסִימָן ח' בְּשַׁבַּת חַנֻכָּה תקס""ג, וְשָׁם מְדַבֵּר אֵיךְ לְהַפִּיל וּלְהַשְׁפִּיל הָרְשָׁעִים בְּחִינַת (תְּהִלִּים"
Chayei_Moharan 6,Likutei_Moharan 16,"(ו) סִימָן ט""ז רַבִּי יוֹחָנָן מִשְׁתָּעֵי. זֹאת הַתּוֹרָה אָמַר בְּשַׁבָּת בְּשַׁחֲרִית בְּאֶמְצַע הַקַּיִץ"
Chayei_Moharan 6,Likutei_Moharan 166,"מַה שֶּׁאֲנִי צָרִיךְ לַעֲשׂוֹת בָּזֶה. וְאָמַר אָז עִנְיָן הַנִּדְפָּס בְּסִימָן קס""ו שֶׁאֵצֶל אֱלִישָׁע כְּתִיב פַּעַם אַחַת אֱלִישָׁע סְתָם, וּפַעַם אַחַת אִישׁ אֱלֹקִים."
Chayei_Moharan 6,Likutei_Moharan 24,"וְאָמַר אָז תּוֹרָה שְׁתֵּי פְּעָמִים. בְּלֵיל שַׁבָּת אָמַר הַתּוֹרָה (סִימָן כד חֵלֶק א) אֶמְצָעוּתָא דְעָלְמָא הֵיכָא, שֶׁמְּדַבֶּרֶת שָׁם מִתִּשְׁעָה הֵיכָלִין דְּלָא אִתְדַּבְּקִין"
Chayei_Moharan 7,Likutei_Moharan 17,"(ז) כְּשֶׁאָמַר הַתּוֹרָה וַיְהִי הֵם מְרִיקִים שַׂקֵּיהֶם בְּסִימָן י""ז בְּשַׁבַּת חֲנֻכָּה תקס""ו. בְּאוֹתָהּ הַשָּׁנָה נִתְגַּיְּרוּ גֵּרִים הַרְבֵּה מֵחֲמַת שֶׁמָּצְאוּ בְּסִפְרֵיהֶם"
Chayei_Moharan 8,Likutei_Moharan 18,"(ח) ""רַבִּי יוֹנָתָן מִשְׁתָּעֵי - קַרְטָלִיתָא"", בְּסִימָן י""ח. אֵיזֶה זְמַן קֹדֶם שֶׁאָמַר הַתּוֹרָה הַזֹּאת נִכְנַסְנוּ פַּעַם אַחַת אֵלָיו אֲנִי"
Chayei_Moharan 9,Likutei_Moharan 20,"(ט) תִּשְׁעָה תִּקּוּנִין יַקִּירִין סִימָן כ', זֹאת הַתּוֹרָה נֶאֶמְרָה בְּרֹאשׁ־הַשָּׁנָה תקס""ה שֶׁחָל בְּיוֹם חֲמִישִׁי וְשִׁשִּׁי. וּבַקַּיִץ"
Chayei_Moharan 10,Likutei_Moharan 19,"בְּשָׁבוּעוֹת שֶׁחָל אָז בְּיוֹם רְבִיעִי וַחֲמִישִׁי אָמַר הַתּוֹרָה תְּפִלָּה לַחֲבַקּוּק סִימָן י""ט. וְאַחַר־כָּךְ בְּאוֹתוֹ הַקַּיִץ הִתְחִיל לוֹמַר הַתּוֹרָה עַתִּיקָא טָמִיר וְסָתִים סִימָן"
Chayei_Moharan 10,Likutei_Moharan 21,"י""ט. וְאַחַר־כָּךְ בְּאוֹתוֹ הַקַּיִץ הִתְחִיל לוֹמַר הַתּוֹרָה עַתִּיקָא טָמִיר וְסָתִים סִימָן כ""א, וּבִתְחִלָּה שָׁמַעְתִּי מִמֶּנּוּ זִכְרוֹנוֹ לִבְרָכָה אֵיזֶה עִנְיָנִים מֵהַתּוֹרָה הַנַּ""ל פִּסְקָא"
Chayei_Moharan 11,Likutei_Moharan 21, Manually added by Daniel Nebenzahl
Chayei_Moharan 12,Likutei_Moharan 21, Manually added by Daniel Nebenzahl
Chayei_Moharan 11,Likutei_Moharan 20, Manually added by Daniel Nebenzahl  וּבְרֹאשׁ־הַשָּׁנָה שֶׁלְּאַחֲרָיו תקס"ה אָז אָמַר הַתּוֹרָה תִּשְׁעָה תִּקּוּנִין יַקִּירִין הַנַּ"ל
Chayei_Moharan 13,Likutei_Moharan 175,"הַנִּפְלָא בְּ'שִׁמְךָ יְ'גִילוּן כָּ'ל הַ'יּוֹם שֶׁהוּא רָאשֵׁי־תֵבוֹת בְּכִיָּה כַּמְבֹאָר בְּסִימָן קע""ה. וְאָמַר אָז שֶׁהָיָה לוֹ אָז מַה שֶּׁנִּקְרָא בִּלְשׁוֹן חֲסִידוּת הֶאָרָה גְּדוֹלָה"
Chayei_Moharan 13,Likutei_Moharan 22,"אֲרֻכָּה וּרְחָבָה וַעֲמֻקָּה מְאֹד וְהִיא הַתּוֹרָה חוֹתָם בְּתוֹךְ חוֹתָם שֶׁבְּסִימָן כ""ב. וְהַתּוֹרָה הַזֹּאת נֶאֶמְרָה פִּתְאֹם, כִּי בִּתְחִלָּה יָשַׁב וְדִבֵּר עִמָּנוּ כְּדַרְכּוֹ וּמִקֹּדֶם"
Chayei_Moharan 14,Likutei_Moharan 20, Manually added by Daniel Nebenzahl בָּעֵת שֶׁנָּתַן לָנוּ הַתּוֹרָה תִּשְׁעָה תִּקּוּנִין הַנַּ"ל בִּכְתִיבַת יָדוֹ,
Chayei_Moharan 14,Likutei_Moharan 273,"לְמַעְלָה מִשִּׁשִּׁים רִבּוֹא נִשְׁמוֹת יִשְׂרָאֵל כַּמּוּבָן בְּלִקּוּטֵי מוֹהֲרַ""ן חֵלֶק רִאשׁוֹן סִימָן רע""ג עַל־פָּסוּק (דִּבְרֵי הַיָּמִים־א כ""ג): וּבְנֵי רְחַבְיָה רָבוּ לְמָעְלָה עַיֵּן שָׁם."
Chayei_Moharan 15,Likutei_Moharan 20,"מְאֹד וְהֵרִים קוֹלוֹ וְאָמַר יֵשׁ נְשָׁמָה וְכוּ' כַּנִּדְפָּס בַּסֵּפֶר בְּסִימָן הַנַּ""ל רַק שֶׁבִּכְתִיבָתוֹ הִתְחִיל תֵּכֶף מֵהַנְּשָׁמָה אֲבָל בַּאֲמִירָתוֹ הִתְחִיל מֵאֶרֶץ־ יִשְׂרָאֵל כַּנַּ""ל."
Chayei_Moharan 16,Likutei_Moharan 21,"(טז) לְעִנְיַן הַמַּקִּיפִים הַמְבֹאָרִים בְּהַתּוֹרָה עַתִּיקָא סִימָן כ""א שֶׁכָּל אֶחָד יַשִּׂיג לֶעָתִיד כְּפִי טָרְחוֹ וִיגִיעָתוֹ וְכוּ' בַּעֲבוֹדַת ה',"
Chayei_Moharan 17,Likutei_Moharan 22,"כז:): עַל הַתּוֹקֵעַ בַּבּוֹר אוֹתָם הָעוֹמְדִים בַּחוּץ עַיֵּן שָׁם בְּסִימָן כ""ב מֵעִנְיַן הִתְגַּלּוּת סוֹד קוֹל הֲבָרָה עַיֵּן שָׁם. וְאָז אָמַר בְּעַצְמוֹ שֶׁיֵּשׁ"
Chayei_Moharan 18,Likutei_Moharan 24,"(יח) מַאֲמַר אֶמְצָעוּתָא דְעָלְמָא סִימָן כ""ד נֶאֱמַר בְּקַיִץ תקס""ג בִּסְעֻדַּת לֵיל שַׁבָּת. וְאָמַר אוֹתוֹ בְּיִרְאָה גְּדוֹלָה"
Chayei_Moharan 19,Likutei_Moharan 25,"(יט) שַׁיָּךְ לְהַמַּאֲמָר אַחְוֵי לָן מָנָא. סִימָן כ""ה נִשְׁמַע מִפִּיו הַקָּדוֹשׁ בְּפֵרוּשׁ אֵצֶל הַמַּאֲמָר הַנַּ""ל שֶׁמְּדַבֵּר שָׁם מֵעֲלִיָּה"
Chayei_Moharan 20,Likutei_Moharan 29,"(כ) הַתּוֹרָה הַאי מָאן דְּאָזֵל לְמִנְסַב אִתְּתָא בְּסִימָן כ""ט אָמַר בְּשָׁבוּעוֹת תקס""ו לִפְרָט־קָטָן. וּבְאוֹתוֹ הָעֵת לָבַשׁ פַּעַם רִאשׁוֹן בְּגָדִים לְבָנִים"
Chayei_Moharan 21,Likutei_Moharan 30,"(כא) בָּעֵת שֶׁאָמַר הַתּוֹרָה מֵישָׁרָא דְסַכִּינָא בְּסִימָן ל' בְּשַׁבַּת חֲנֻכָּה תקס""ז בַּסְּעֻדָּה הַשְּׁלִישִׁית שֶׁל שַׁבָּת. וְהִתְחִיל הַתּוֹרָה עַל פָּסוּק"
Chayei_Moharan 22,Likutei_Moharan 34,"אַחַת דִּבַּרְתִּי עִמּוֹ מֵהַתּוֹרָה וְאַתֶּם תִּהְיוּ לִי מַמְלֶכֶת כֹּהֲנִים בְּסִימָן ל""ד הַמְדַבֵּר מֵהַנְּקֻדָּה שֶׁהִיא בְּחִינַת צַדִּיק וְכוּ', וְאָמַר לִי שֶׁבְּזֹאת הַתּוֹרָה יְכוֹלִין"
Chayei_Moharan 23,Likutei_Moharan 52,"(כג) מַאֲמָר הַנֵּעוֹר בַּלַּיְלָה סִימָן נ""ב. נֶאֱמַר בִּשְׁנַת תקס""ג בִּבְחִינַת (תְּהִלִּים קג) עוֹשֵׂי דְבָרוֹ לִשְׁמֹעַ בְּקוֹל"
Chayei_Moharan 24,Likutei_Moharan 197,"הָרָע שֶׁבָּעוֹלָם אֵין הַצַּדִּיקִים יְכוֹלִין לִהְיוֹת עֲנָוִים וְכוּ' כַּמְבֹאָר בְּסִימָן קצ""ז וְיָתֵר מִזֶּה אֵינוֹ יוֹדֵעַ וְאָמַר בְּפֵרוּשׁ כְּמוֹ שֶׁאַתָּה אֵינְךָ יוֹדֵעַ, כָּךְ"
Chayei_Moharan 24,Likutei_Moharan 20,"עָבְיוּתֵנוּ וְכוּ' אֵינוֹ יָכוֹל לוֹמַר תּוֹרָה (כַּמְבֹאָר אֶצְלֵנוּ (לִקּוּטֵי מוֹהֲרַ""ן סִימָן כ) שֶׁהַתּוֹרָה שֶׁל הַצַּדִּיק נַעֲשֵׂית מֵהָאֲנָשִׁים הַבָּאִים וּמִתְקַבְּצִים אֵלָיו). וְהוֹכִיחַ אוֹתָנוּ"
Chayei_Moharan 24,Likutei_Moharan 56,"הַשָּׁבוּעוֹת וְאָמַר אָז תּוֹרָה נִפְלָאָה עַל פָּסוּק וּבְיוֹם הַבִּכּוּרִים בְּסִימָן נ""ו הַמַּתְחֶלֶת כִּי יֵשׁ בְּכָל אֶחָד מִיִּשְׂרָאֵל בְּחִינַת מַלְכוּת. אַחַר שֶׁאָמַר הַתּוֹרָה"
Chayei_Moharan 24,Likutei_Moharan 21,"מִדְּרָכֵינוּ וּמַחְשְׁבוֹתָיו מִמַּחְשְׁבוֹתֵינוּ. וְעַיֵּן נִפְלָאוֹת בְּדִבְרֵי רַבֵּנוּ זִכְרוֹנוֹ לִבְרָכָה בְּסִימָן כ""א עַל מַאֲמַר רַבּוֹתֵינוּ זִכְרוֹנָם לִבְרָכָה (בְּרָכוֹת יז.) לֶעָתִיד לָבוֹא צַדִּיקִים יוֹשְׁבִים"
Chayei_Moharan 24,Likutei_Moharan 64,"לְהַשִּׂיגוֹ עַכְשָׁו בְּשׁוּם אֹפֶן. וְכֵן בְּהַתּוֹרָה ""בֹּא אֶל פַּרְעֹה"" בְּסִימָן ס""ד, שֶׁמְּבֹאָר שָׁם שֶׁיֵּשׁ קֻשְׁיוֹת שֶׁנִּמְשָׁכִין מִסּוֹד חָלָל הַפָּנוּי שֶׁאִי אֶפְשָׁר לִמְצֹא"
Chayei_Moharan 24,Likutei_Moharan%2C_Part_II 7,"אֹפֶן. וְכֵן בְּהַתּוֹרָה וַיְהִי מִקֵּץ כִּי מְרַחֲמָם יְנַהֲגֵם בְּלִקּוּטֵי תִנְיָנָא סִימָן ז' שֶׁמְּבֹאָר שָׁם שֶׁיֵּשׁ קֻשְׁיוֹת שֶׁהֵם לְמַעְלָה מֵהַזְּמַן שֶׁאִי אֶפְשָׁר לְתָרְצָם,"
Chayei_Moharan 24,Likutei_Moharan%2C_Part_II 52,"מְקוֹמוֹת בִּסְפָרִים שֶׁלּוֹ הַקְּדוֹשִׁים. וְכֵן מַה שֶּׁכָּתוּב שָׁם בְּלִקּוּטֵי תִנְיָנָא סִימָן נ""ב דָּבָר נָאֶה וּמִתְקַבֵּל שֶׁאָמַר רַבֵּנוּ זִכְרוֹנוֹ לִבְרָכָה שֶׁמַּה שֶּׁקָּשֶׁה קֻשְׁיָא"
Chayei_Moharan 25,Likutei_Moharan 60,"(כה) שַׁיָּךְ לַמַּאֲמָר פָּתַח רַבִּי שִׁמְעוֹן (סִימָן ס') אַחַר שֶׁאָמַר רַבֵּנוּ זִכְרוֹנוֹ לִבְרָכָה מַאֲמָר זֶה הַנַּ""ל אָמַר בְּדֶרֶךְ צַחוּת."
Chayei_Moharan 26,Likutei_Moharan 62,"לוֹ, וְאָמַר אָז הַתּוֹרָה וַיַּסֵּב אֱלֹקִים הַנִּדְפֶּסֶת בְּלִקּוּטֵי א' בְּסִימָן ס""ב, שֶׁמּוּבָא שָׁם מַאֲמַר הַזֹּהַר הַקָּדוֹשׁ עֻלֵמְתָּא שַׁפִּירְתָּא דְּלֵית לָהּ עַיְנִין, וְנִתְרַפְּאָה"
Chayei_Moharan 27,Likutei_Moharan 63,"(כז) הַתּוֹרָה שֶׁבְּסִימָן ס""ג הַמַּתְחֶלֶת סוֹד כַּוָּנַת הַמִּילָה. נֶאֶמְרָה בַּבֹּקֶר קֹדֶם סְעֻדַּת שַׁחֲרִית בַּשַּׁבָּת שֶׁקֹּדֶם"
Chayei_Moharan 27,Likutei_Moharan 42,"דְּבָרָיו אֵינָם פְּשׁוּטִים וּבְוַדַּאי יֵשׁ בָּהֶם רָזִין גְּדוֹלִים וְכַמְבֹאָר בְּסִימָן מ""ב עַיֵּן שָׁם. אַחַר־כָּךְ עָנָה וְאָמַר שִׂיחוֹת חֻלִּין שֶׁלָּנוּ וְאָמַר בִּלְשׁוֹן אַשְׁכְּנַז"
Chayei_Moharan 28,Likutei_Moharan 65,"(כח) [מַאֲמָר וַיֹּאמֶר בֹּעַז אֶל רוּת סִימָן ס""ה נֶאֱמַר בְּקַיִץ תקס""ו סָמוּךְ לִפְטִירַת בְּנוֹ הַיֶּלֶד הַקָּדוֹשׁ וְהַנּוֹרָא מוֹרֵנוּ"
Chayei_Moharan 29,Likutei_Moharan 69,"(כט) זֶה שַׁיָּךְ לְמַאֲמַר חֹמֶר אִסּוּר גְּזֵלָה סִימָן ס""ט. בְּשָׁעָה שֶׁאָמַר רַבֵּנוּ זִכְרוֹנוֹ לִבְרָכָה הַמַּאֲמָר הַנַּ""ל, עָמַד אָז לְפָנָיו"

Chayei_Moharan 30,Likutei_Moharan 256,"לוֹ שֶׁשֵּׁם ""אַתָּה"" מְסֻגָּל עַל הַיָּם כַּמּוּבָא בְּלִקּוּטֵי א' בְּסִימָן רנ""ו כְּמוֹ שֶׁכָּתוּב (תְּהִלִּים פ""ט): ""בְּשׂוֹא גַלָּיו אַתָּה תְשַׁבְּחֵם"":"
Chayei_Moharan 31,Likutei_Moharan 262,"(לא) כְּשֶׁאָמַר הַתּוֹרָה הַנִּדְפֶּסֶת בְּסִימָן רס""ב בְּלִקּוּטֵי א' עַל פָּסוּק (שָׁם ק""ב): ""וְשִׁקֻּוַי בִּבְכִי מָסָכְתִּי"" שֶׁקֹּדֶם חִדּוּשֵׁי"
Chayei_Moharan 31,Likutei_Moharan 242,"לָזֶה אָמַר הַתּוֹרָה ""דַּע שֶׁיֵּשׁ אָרִיךְ אַנְפִּין דִּקְלִפָּה וְכוּ'"" בְּסִימָן רמ""ב, וּבְיוֹם חֲמִישִׁי שֶׁלְּפָנָיו בָּכָה לְפָנֵינוּ, וְאַחַר־כָּךְ בְּיוֹם שַׁבָּת שֶׁלְּאַחֲרָיו אָמַר הָעִנְיָן"
Chayei_Moharan 32,Likutei_Moharan 57,"(לב) בָּעִנְיָן הַנִּדְפָּס בִּסְפָרָיו הַקְּדוֹשִׁים בְּסִימָן נ""ז וּבְסִימָן רע""ז לְעִנְיַן מַעֲלַת אֲכִילַת שַׁבָּת שֶׁהִיא כֻּלָּהּ קֹדֶשׁ וְעוֹלֶה לְמָקוֹם"
Chayei_Moharan 32,Likutei_Moharan 277,"(לב) בָּעִנְיָן הַנִּדְפָּס בִּסְפָרָיו הַקְּדוֹשִׁים בְּסִימָן נ""ז וּבְסִימָן רע""ז לְעִנְיַן מַעֲלַת אֲכִילַת שַׁבָּת שֶׁהִיא כֻּלָּהּ קֹדֶשׁ וְעוֹלֶה לְמָקוֹם אַחֵר לְגַמְרֵי,"
Chayei_Moharan 33,Likutei_Moharan 282,"הַמִּשְׁכָּן שֶׁכָּל אֶחָד מִן הַצַּדִּיקִים בּוֹנִים וְכוּ' כְּמוֹ שֶׁכָּתוּב בְּסִימָן רפ""ב בְּהַתּוֹרָה אֲזַמְּרָה לֵאלֹקַי בְּעוֹדִי. כִּי הַתּוֹרָה אֲזַמְּרָה אָמַר בִּשְׁמִינִי עֲצֶרֶת שֶׁקֹּדֶם"
Chayei_Moharan 35,Likutei_Moharan 285,"שֶׁל הַצַּדִּיק, שׁוּב ""לֹא יִכְבֶּה בַּלַּיְלָה נֵרָהּ"". הַנִּדְפָּס בְּלִקּוּטֵי א' סִימָן רפ""ה:"
Chayei_Moharan 36,Likutei_Moharan 79,"אֶחָד מֵאַנְשֵׁי־שְׁלוֹמֵנוּ כְּשֶׁאָמַר רַבֵּנוּ זִכְרוֹנוֹ לִבְרָכָה הַתּוֹרָה בְּטַח בַּה' בְּסִימָן ע""ט בְּאוֹתָהּ הָעֵת הָיָה הוֹלֵךְ בְּבֵיתוֹ אָנָה וָאָנָה כְּדַרְכּוֹ וְאָחַז מַטֶּה בְּיָדוֹ,"
Chayei_Moharan 38,Likutei_Moharan 135,"פָּסוּק (תְּהִלִּים ע""ה) כִּי אֶקַּח מוֹעֵד אֲנִי מֵישָׁרִים אֶשְׁפֹּט בְּסִימָן קל""ה שֶׁשָּׁם מְדַבֵּר מֵעִנְיַן הַקַּטְנוּת שֶׁנִּתְבַּטֵּל לִפְנֵי הַגַּדְלוּת:"
Chayei_Moharan 39,Likutei_Moharan 141,"(לט) מַה שֶּׁנִּדְפָּס בַּסֵּפֶר הָרִאשׁוֹן בְּסִימָן קמ""א אֶ'ת לְ'בָבְךָ וְ'אֶת לְ'בַב רָאשֵׁי־תֵבוֹת אֱלוּל זֶה שָׁמַעְתִּי מִפִּיו הַקָּדוֹשׁ בְּרֹאשׁ"
Chayei_Moharan 40,Likutei_Moharan 243,וְאָז אָמַר עִנְיַן כָּל הַשִּׁירִים קֹדֶשׁ הַנִּדְפָּס בְּלִקּוּטֵי א' בְּסִימָן רמג:
Chayei_Moharan 41,Likutei_Moharan 5,"(מא) קֹדֶם שֶׁאָמַר הַתּוֹרָה הַגְּדוֹלָה תִּקְעוּ אֱמוּנָה בְּלִקּוּטֵי תִנְיָנָא בְּסִימָן ה' בְּרֹאשׁ־הַשָּׁנָה תק""ע, דִּבֵּר עִמָּנוּ קֹדֶם אוֹתוֹ רֹאשׁ־הַשָּׁנָה, וְסִפֵּר שֶׁהַרְבֵּה אֲנָשִׁים קָבְלוּ"
Chayei_Moharan 42,Likutei_Moharan 7,"אַחַר הַתּוֹרָה וַיְהִי מִקֵּץ כִּי מְרַחֲמָם יְנַהֲגֵם בְּלִקּוּטֵי תִנְיָנָא בְּסִימָן ז' הַמַּתְחִילִין וְזֶה בְּחִינַת קְבוּרַת מֹשֶׁה וְכוּ', אֵלּוּ הַדְּבָרִים הֵם מֵהַדְּבָרִים שֶׁאָמַר"
Chayei_Moharan 43,Likutei_Moharan 8,"(מג) בְּהַתּוֹרָה ""תִּקְעוּ תּוֹכָחָה"", בְּלִקּוּטֵי תִנְיָנָא בְּסִימָן ח', מוּבָא לְעִנְיַן גֹּדֶל עֹצֶם הַמַּעֲלָה כְּשֶׁזּוֹכִין שֶׁנִּתּוֹסֵף נֶפֶשׁ אֶחָד לְהַקִּבּוּץ הַקָּדוֹשׁ"
Chayei_Moharan 43,Likutei_Moharan%2C_Part_II 8,"עַל פָּסוּק (יְשַׁעְיָה ל""ג): ""וּבַל יֹאמַר שָׁכֵן חָלִיתִי"" בְּלִקּוּטֵי תִנְיָנָא סִימָן ח' עַיֵּן שָׁם הֵיטֵב. שִׂים לִבְּךָ הֵיטֵב וְתָשׁוּב וְתִתְפַּלֵּא תִּסָּמֵר שַׂעֲרַת"
Chayei_Moharan 44,Likutei_Moharan%2C_Part_II 50,"(מד) לְעִנְיַן מַה שֶּׁמְּבֹאָר בְּלִקּוּטֵי תִנְיָנָא סִימָן נ' שֶׁהַמַּחֲשָׁבָה בְּיַד הָאָדָם לְתָפְסָהּ בְּיָדוֹ, וּלְהַטּוֹתָהּ כִּרְצוֹנוֹ. וַאֲפִלּוּ כְּשֶׁנּוֹטָה מַחֲשַׁבְתּוֹ"
Chayei_Moharan 46,Likutei_Moharan%2C_Part_II 68,"(מו) קֹדֶם שֶׁגִּלָּה עִנְיָן הַנִּדְפָּס בְּלִקּוּטֵי תִנְיָנָא סִימָן ס""ח. מֵעִנְיַן הַצַּדִּיק שֶׁצָּרִיךְ שֶׁיַּשְׁאִיר בָּנִים וְתַלְמִידִים וְהוּא שַׁיָּךְ לְהַתּוֹרָה כִּי"
Chayei_Moharan 46,Likutei_Moharan 7,שֶׁיַּשְׁאִיר בָּנִים וְתַלְמִידִים וְהוּא שַׁיָּךְ לְהַתּוֹרָה כִּי מְרַחֲמָם יְנַהֲגֵם בְּסִימָן ז' אָז דִּבֵּר שֶׁהָיוּ כַּמָּה גְּדוֹלִים שֶׁכָּל אֶחָד עָשָׂה וְתִקֵּן מַה שֶּׁתִּקֵּן
Chayei_Moharan 47,Likutei_Moharan 71,"(מז) הַתּוֹרָה הַנִּדְפֶּסֶת בְּלִקּוּטֵי תִנְיָנָא בְּסִימָן ע""א הַמַּתְחֶלֶת דַּע שֶׁיֵּשׁ מֹחִין שֶׁל אֶרֶץ־יִשְׂרָאֵל, נֶאֶמְרָה בְּלֵיל שַׁבַּת שִׁירָה לְעִנְיַן"
Chayei_Moharan 48,Likutei_Moharan 72,"(מח) הַתּוֹרָה חַיִּים נִצְחִיִּים שֶׁבְּסִימָן ע""ב בְּלִקּוּטֵי תִנְיָנָא נֶאֶמְרָה בְּעֵת שֶׁבָּא אֶצְלוֹ עַל שַׁבַּת קֹדֶשׁ פָּרָשַׁת יִתְרוֹ"
Chayei_Moharan 49,Likutei_Moharan%2C_Part_II 78,"(מט) בְּעֵת שֶׁאָמַר הַתּוֹרָה וָאֶתְחַנַּן הַנִּדְפָּס בְּלִקּוּטֵי תִנְיָנָא סִימָן ע""ח. וְשָׁם מְדַבֵּר מֵעִנְיַן שֶׁאָסוּר לְיַאֵשׁ עַצְמוֹ לְעוֹלָם אֵיךְ שֶׁיִּהְיֶה חַס"
Chayei_Moharan 50,Likutei_Moharan%2C_Part_II 10,"יִתְבָּרַךְ הוּא מֵחֲמַת שֶׁאֵינָם מְיַשְּׁבִים עַצְמָם, עַיֵּן שָׁם בְּלִקּוּטֵי תִנְיָנָא סִימָן י, וְשָׁם מְדַבֵּר מִשִּׂמְחָה, וְהָיָה הוּא זִכְרוֹנוֹ לִבְרָכָה יוֹשֵׁב אָז בַּחוּץ"
Chayei_Moharan 51,Likutei_Moharan%2C_Part_II 12,"(נא) הַתּוֹרָה ""אַיֵּה מְקוֹם כְּבוֹדוֹ"" בְּלִקּוּטֵי תִנְיָנָא סִימָן י""ב הַמַּתְחֶלֶת כְּשֶׁאָדָם הוֹלֵךְ אַחַר שִׂכְלוֹ וְחָכְמָתוֹ יוּכַל לִפּוֹל בְּטָעוּתִים וּמִכְשׁוֹלִים"
Chayei_Moharan 52,Likutei_Moharan 32,"קֹדֶם שֶׁאָמַר רַבֵּנוּ זִכְרוֹנוֹ לִבְרָכָה הַתּוֹרָה הַנִּדְפֶּסֶת בְּלִקּוּטֵי תִּנְיָנָא בְּסִימָן ל""ב הַמַּתְחֶלֶת יֵשׁ צַדִּיקִים גְּנוּזִים, וְנֶאֶמְרָה בְּשַׁבָּת פָּרָשַׁת יִתְרוֹ תקס""ט לפ""ק [לִפְרָט"
Chayei_Moharan 53,Likutei_Moharan 42,"כִּי הוּא רָאשֵׁי־תֵבוֹת אָ'מֵן כֵּ'ן יְ'הִי רָ'צוֹן כַּנִּדְפַּס בְּלִקּוּטֵי תִּנְיָנָא סִימָן מ""ב:"
Chayei_Moharan 54,Likutei_Moharan 40,"(נד) דִּבֵּר עִמָּנוּ מֵעִנְיַן הַתּוֹרָה הַנִּדְפֶּסֶת בְּלִקּוּטֵי תִּנְיָנָא סִימָן מ' הַמַּתְחֶלֶת מִי שֶׁיּוֹדֵעַ מֵאֶרֶץ־יִשְׂרָאֵל, שֶׁטָּעַם בֶּאֱמֶת טַעַם אֶרֶץ־יִשְׂרָאֵל, וְאָמַר שֶׁהוּא"
Chayei_Moharan 56,Likutei_Moharan 266,"רַבֵּנוּ זִכְרוֹנוֹ לִבְרָכָה בְּעַצְמוֹ מֵעִנְיַן הַתּוֹרָה וַיִּבֶן לוֹ בָּיִת בְּסִימָן רס""ו דַּע כְּשֶׁהָעוֹלָם פּוֹגְמִין בְּמִצְוַת סֻכָּה כְּשֶׁאֵין מְקַיְּמִין אוֹתָהּ כָּרָאוּי גּוֹרְמִין מִיתָה"
Chayei_Moharan 58,Likutei_Moharan 4,(נח) קֹדֶם שֶׁאָמַר הַתּוֹרָה אָנֹכִי בְּלִקּוּטֵי א' סִימָן ד' סִפֵּר מַעֲשֶׂה זוֹ. מַעֲשֶׂה בְּאִישׁ אֶחָד מֵאַנְשֵׁי הַבַּעַל־שֵׁם־טוֹב זִכְרוֹנוֹ לִבְרָכָה
Chayei_Moharan 59,Likutei_Moharan 3,"(נט) סֵדֶר הַזְּמַנִּים שֶׁל אֲמִירַת הַמַּאֲמָרִים הַנּוֹדָעִים לָנוּ מַאֲמַר אַקְרֻקְתָּא סִימָן ג, שָׁמַעְתִּי שֶׁנֶּאֱמַר בַּשַּׁבָּת הָרִאשׁוֹן שֶׁנִּכְנַס רַבֵּנוּ זִכְרוֹנוֹ לִבְרָכָה לִבְּרֶסְלֶב, סוֹף"
Chayei_Moharan 59,Likutei_Moharan 4,"שֶׁנִּכְנַס רַבֵּנוּ זִכְרוֹנוֹ לִבְרָכָה לִבְּרֶסְלֶב, סוֹף שְׁנַת תקס""ב. מַאֲמַר ""אָנֹכִי"", סִימָן ד, נֶאֱמַר בִּזְלַאטִיפָּלְיֶע בְּשָׁבוּעוֹת. מַאֲמַר ""בַּחֲצוֹצְרוֹת"", סִימָן ה, נֶאֱמַר בְּרֹאשׁ־הַשָּׁנָה תקס""ג."
Chayei_Moharan 59,Likutei_Moharan 5,"תקס""ב. מַאֲמַר ""אָנֹכִי"", סִימָן ד, נֶאֱמַר בִּזְלַאטִיפָּלְיֶע בְּשָׁבוּעוֹת. מַאֲמַר ""בַּחֲצוֹצְרוֹת"", סִימָן ה, נֶאֱמַר בְּרֹאשׁ־הַשָּׁנָה תקס""ג. מַאֲמַר ""קְרָא אֶת יְהוֹשֻׁעַ"", סִימָן ו, נֶאֱמַר"
Chayei_Moharan 59,Likutei_Moharan 6,"""בַּחֲצוֹצְרוֹת"", סִימָן ה, נֶאֱמַר בְּרֹאשׁ־הַשָּׁנָה תקס""ג. מַאֲמַר ""קְרָא אֶת יְהוֹשֻׁעַ"", סִימָן ו, נֶאֱמַר בְּשַׁבַּת־תְּשׁוּבָה שֶׁאַחַר זֶה. מַאֲמַר ""מִשְׁפָּטִים"", סִימָן ז, נֶאֱמַר בְּחֹרֶף"
Chayei_Moharan 59,Likutei_Moharan 7,"אֶת יְהוֹשֻׁעַ"", סִימָן ו, נֶאֱמַר בְּשַׁבַּת־תְּשׁוּבָה שֶׁאַחַר זֶה. מַאֲמַר ""מִשְׁפָּטִים"", סִימָן ז, נֶאֱמַר בְּחֹרֶף תקס""ג. מַאֲמַר ""רָאִיתִי מְנוֹרַת זָהָב"", סִימָן ח, נֶאֱמַר"
Chayei_Moharan 59,Likutei_Moharan 8,"""מִשְׁפָּטִים"", סִימָן ז, נֶאֱמַר בְּחֹרֶף תקס""ג. מַאֲמַר ""רָאִיתִי מְנוֹרַת זָהָב"", סִימָן ח, נֶאֱמַר בְּשַׁבַּת חֲנֻכָּה תקס""ג. מַאֲמַר תְּהֹמֹת יְכַסְיֻמוּ"", סִימָן ט, נֶאֱמַר"
Chayei_Moharan 59,Likutei_Moharan 9,"זָהָב"", סִימָן ח, נֶאֱמַר בְּשַׁבַּת חֲנֻכָּה תקס""ג. מַאֲמַר תְּהֹמֹת יְכַסְיֻמוּ"", סִימָן ט, נֶאֱמַר בְּשַׁבַּת־שִׁירָה תקס""ג. מַאֲמַר ""מִשְׁפָּטִים"", סִימָן י, נֶאֱמַר גַּם־כֵּן בְּחֹרֶף"
Chayei_Moharan 59,Likutei_Moharan 10,"מַאֲמַר תְּהֹמֹת יְכַסְיֻמוּ"", סִימָן ט, נֶאֱמַר בְּשַׁבַּת־שִׁירָה תקס""ג. מַאֲמַר ""מִשְׁפָּטִים"", סִימָן י, נֶאֱמַר גַּם־כֵּן בְּחֹרֶף זֶה בְּטֶירָאוִיצֶע קֹדֶם פּוּרִים. מַאֲמַר ""אֲנִי ה'"
Chayei_Moharan 59,Likutei_Moharan 11,"בְּחֹרֶף זֶה בְּטֶירָאוִיצֶע קֹדֶם פּוּרִים. מַאֲמַר ""אֲנִי ה' הוּא שְׁמִי"", סִימָן י""א, נֶאֱמַר בְּשָׁבוּעוֹת תקס""ג. מַאֲמַר ""תְּהִלָּה לְדָוִד"", סִימָן י""ב, נֶאֱמַר בְּשַׁבַּת־נַחֲמוּ"
Chayei_Moharan 59,Likutei_Moharan 12,"הוּא שְׁמִי"", סִימָן י""א, נֶאֱמַר בְּשָׁבוּעוֹת תקס""ג. מַאֲמַר ""תְּהִלָּה לְדָוִד"", סִימָן י""ב, נֶאֱמַר בְּשַׁבַּת־נַחֲמוּ תקס""ג, וְהִמְתִּיק בְּתוֹכוֹ פֵּרוּשׁ הַפָּסוּק: נַחֲמוּ נַחֲמוּ וְכוּ'."
Chayei_Moharan 59,Likutei_Moharan 13,"וְהִמְתִּיק בְּתוֹכוֹ פֵּרוּשׁ הַפָּסוּק: נַחֲמוּ נַחֲמוּ וְכוּ'. מַאֲמַר אַשְׁרֵי הַשְׁגָּחָה סִימָן י""ג נֶאֱמַר בְּרֹאשׁ־הַשָּׁנָה תקס""ד. מַאֲמַר תִּקְעוּ לְהַמְשִׁיךְ שָׁלוֹם וְכוּ' [סִימָן י""ד]"
Chayei_Moharan 59,Likutei_Moharan 14,"י""ג נֶאֱמַר בְּרֹאשׁ־הַשָּׁנָה תקס""ד. מַאֲמַר תִּקְעוּ לְהַמְשִׁיךְ שָׁלוֹם וְכוּ' [סִימָן י""ד] נֶאֱמַר בְּשַׁבַּת חֲנֻכָּה תקס""ד. מַאֲמַר רַבִּי יוֹחָנָן מִשְׁתָּעֵי סִימָן ט""ז נֶאֱמַר"
Chayei_Moharan 59,Likutei_Moharan 16,"[סִימָן י""ד] נֶאֱמַר בְּשַׁבַּת חֲנֻכָּה תקס""ד. מַאֲמַר רַבִּי יוֹחָנָן מִשְׁתָּעֵי סִימָן ט""ז נֶאֱמַר בְּשַׁבָּת בִּסְעֻדַּת שַׁחֲרִית בְּקַיִץ תקס""ג. מַאֲמַר מְרִיקִים שַׂקֵּיהֶם סִימָן"
Chayei_Moharan 59,Likutei_Moharan 17,"ט""ז נֶאֱמַר בְּשַׁבָּת בִּסְעֻדַּת שַׁחֲרִית בְּקַיִץ תקס""ג. מַאֲמַר מְרִיקִים שַׂקֵּיהֶם סִימָן י""ז נֶאֱמַר בְּשַׁבַּת חֲנֻכָּה תקס""ו. מַאֲמַר קַרְטָלִיתָא סִימָן י""ח כִּמְדֻמֶּה שֶׁנֶּאֱמַר"
Chayei_Moharan 59,Likutei_Moharan 18,"מְרִיקִים שַׂקֵּיהֶם סִימָן י""ז נֶאֱמַר בְּשַׁבַּת חֲנֻכָּה תקס""ו. מַאֲמַר קַרְטָלִיתָא סִימָן י""ח כִּמְדֻמֶּה שֶׁנֶּאֱמַר בְּחֹרֶף תקס""ד בְּטֶירָאוִיצֶע. מַאֲמַר תְּפִלָּה לַחֲבַקּוּק [סִימָן י""ט]"
Chayei_Moharan 59,Likutei_Moharan 19,"י""ח כִּמְדֻמֶּה שֶׁנֶּאֱמַר בְּחֹרֶף תקס""ד בְּטֶירָאוִיצֶע. מַאֲמַר תְּפִלָּה לַחֲבַקּוּק [סִימָן י""ט] נֶאֱמַר בְּשָׁבוּעוֹת תקס""ד. מַאֲמַר תִּשְׁעָה תִּקּוּנִין סִימָן כ' נֶאֱמַר בְּרֹאשׁ־הַשָּׁנָה תקס""ה."
Chayei_Moharan 59,Likutei_Moharan 20,"תְּפִלָּה לַחֲבַקּוּק [סִימָן י""ט] נֶאֱמַר בְּשָׁבוּעוֹת תקס""ד. מַאֲמַר תִּשְׁעָה תִּקּוּנִין סִימָן כ' נֶאֱמַר בְּרֹאשׁ־הַשָּׁנָה תקס""ה. מַאֲמַר עַתִּיקָא סִימָן כ""א נֶאֱמַר בְּשַׁבַּת נַחֲמוּ"
Chayei_Moharan 59,Likutei_Moharan 21,"מַאֲמַר תִּשְׁעָה תִּקּוּנִין סִימָן כ' נֶאֱמַר בְּרֹאשׁ־הַשָּׁנָה תקס""ה. מַאֲמַר עַתִּיקָא סִימָן כ""א נֶאֱמַר בְּשַׁבַּת נַחֲמוּ תקס""ד. מַאֲמַר חוֹתָם בְּתוֹךְ חוֹתָם סִימָן כ""ב,"
Chayei_Moharan 59,Likutei_Moharan 22,"סִימָן כ""א נֶאֱמַר בְּשַׁבַּת נַחֲמוּ תקס""ד. מַאֲמַר חוֹתָם בְּתוֹךְ חוֹתָם סִימָן כ""ב, נֶאֱמַר בְּשָׁבוּעַ שֶׁאַחַר רֹאשׁ־הַשָּׁנָה תקס""ה. מַאֲמַר צִוִּיתָ צֶדֶק סִימָן כ""ג"
Chayei_Moharan 59,Likutei_Moharan 23,"סִימָן כ""ב, נֶאֱמַר בְּשָׁבוּעַ שֶׁאַחַר רֹאשׁ־הַשָּׁנָה תקס""ה. מַאֲמַר צִוִּיתָ צֶדֶק סִימָן כ""ג נֶאֱמַר בְּחֹרֶף תקס""ג. מַאֲמַר אֶמְצָעִיתָא דְעָלְמָא סִימָן כ""ד נֶאֱמַר בִּסְעֻדַּת"
Chayei_Moharan 59,Likutei_Moharan 24,"צִוִּיתָ צֶדֶק סִימָן כ""ג נֶאֱמַר בְּחֹרֶף תקס""ג. מַאֲמַר אֶמְצָעִיתָא דְעָלְמָא סִימָן כ""ד נֶאֱמַר בִּסְעֻדַּת לֵיל שַׁבָּת בְּקַיִץ תקס""ג. מַאֲמַר הַאי גַּבְרָא וְכוּ'"
Chayei_Moharan 59,Likutei_Moharan 29,"נֶאֱמַר בִּסְעֻדַּת לֵיל שַׁבָּת בְּקַיִץ תקס""ג. מַאֲמַר הַאי גַּבְרָא וְכוּ' סִימָן כ""ט בְּשָׁבוּעוֹת תקס""ו. מַאֲמַר מִישְׁרָא דְסַכִּינָא סִימָן ל, נֶאֱמַר בְּשַׁבַּת חֲנֻכָּה"
Chayei_Moharan 59,Likutei_Moharan 30,"הַאי גַּבְרָא וְכוּ' סִימָן כ""ט בְּשָׁבוּעוֹת תקס""ו. מַאֲמַר מִישְׁרָא דְסַכִּינָא סִימָן ל, נֶאֱמַר בְּשַׁבַּת חֲנֻכָּה תקס""ז. מַאֲמַר מַרְכְּבֹת פַּרְעֹה סִימָן ל""ח נֶאֱמַר"
Chayei_Moharan 59,Likutei_Moharan 38,"דְסַכִּינָא סִימָן ל, נֶאֱמַר בְּשַׁבַּת חֲנֻכָּה תקס""ז. מַאֲמַר מַרְכְּבֹת פַּרְעֹה סִימָן ל""ח נֶאֱמַר בְּשַׁבָּת שִׁירָה תקס""ב. מַאֲמַר אַתֶּם נִצָּבִים סִימָן מ""ד נֶאֱמַר"
Chayei_Moharan 59,Likutei_Moharan 44,"פַּרְעֹה סִימָן ל""ח נֶאֱמַר בְּשַׁבָּת שִׁירָה תקס""ב. מַאֲמַר אַתֶּם נִצָּבִים סִימָן מ""ד נֶאֱמַר בְּסוֹף תקס""ב, בְּשַׁבָּת שֶׁקֹּדֶם רֹאשׁ־הַשָּׁנָה. מַאֲמַר עַל אֲשֶׁר מְעַלְתֶּם"
Chayei_Moharan 59,Likutei_Moharan 48,"נֶאֱמַר בְּסוֹף תקס""ב, בְּשַׁבָּת שֶׁקֹּדֶם רֹאשׁ־הַשָּׁנָה. מַאֲמַר עַל אֲשֶׁר מְעַלְתֶּם סִימָן מ""ח נֶאֱמַר בְּאִסְרוּ חַג סֻכּוֹת תקס""ג. מַאֲמַר לַשֶּׁמֶשׁ סִימָן מ""ט נֶאֱמַר"
Chayei_Moharan 59,Likutei_Moharan 49,"מְעַלְתֶּם סִימָן מ""ח נֶאֱמַר בְּאִסְרוּ חַג סֻכּוֹת תקס""ג. מַאֲמַר לַשֶּׁמֶשׁ סִימָן מ""ט נֶאֱמַר בְּשַׁבָּת ג' נִיסָן תקס""ג, אַחַר נִשּׂוּאֵי בִּתּוֹ שָׂרָה זִכְרוֹנָהּ"
Chayei_Moharan 59,Likutei_Moharan 51,"לִבְרָכָה שֶׁהָיוּ בְּרֹאשׁ חֹדֶשׁ נִיסָן בְּמֶעדְוֶעדִוְקֶע. מַאֲמַר אָמַר רַבִּי עֲקִיבָא סִימָן נ""א נֶאֱמַר אַחַר שָׁבוּעוֹת תקס""ג. מַאֲמַר הַנֵּעוֹר בַּלַּיְלָה סִימָן נ""ב נֶאֱמַר"
Chayei_Moharan 59,Likutei_Moharan 52,"עֲקִיבָא סִימָן נ""א נֶאֱמַר אַחַר שָׁבוּעוֹת תקס""ג. מַאֲמַר הַנֵּעוֹר בַּלַּיְלָה סִימָן נ""ב נֶאֱמַר בִּתְחִלַּת שְׁנַת תקס""ג. מַאֲמַר וַיְהִי מִקֵּץ זִכָּרוֹן סִימָן נ""ד"
Chayei_Moharan 59,Likutei_Moharan 54,"סִימָן נ""ב נֶאֱמַר בִּתְחִלַּת שְׁנַת תקס""ג. מַאֲמַר וַיְהִי מִקֵּץ זִכָּרוֹן סִימָן נ""ד נֶאֱמַר בְּשַׁבַּת חֲנֻכָּה שְׁנַת תקס""ה. מַאֲמַר וּבְיוֹם הַבִּכּוּרִים סִימָן נ""ו."
Chayei_Moharan 59,Likutei_Moharan 56,"סִימָן נ""ד נֶאֱמַר בְּשַׁבַּת חֲנֻכָּה שְׁנַת תקס""ה. מַאֲמַר וּבְיוֹם הַבִּכּוּרִים סִימָן נ""ו. נֶאֱמַר בְּשָׁבוּעוֹת תקס""ה. מַאֲמַר תְּלָת נָפְקִין וְהֵיכַל הַקֹּדֶשׁ סִימָנִים נ""ח,"
Chayei_Moharan 59,Likutei_Moharan 60,"סִימָנִים נ""ח, נ""ט, נֶאֶמְרוּ בְּרֹאשׁ־הַשָּׁנָה תקס""ו. מַאֲמַר פָּתַח רַבִּי שִׁמְעוֹן סִימָן ס' נֶאֱמַר בְּרֹאשׁ־הַשָּׁנָה תקס""ז. מַאֲמַר חֲדִי רַבִּי שִׁמְעוֹן סִימָן ס""א נֶאֱמַר"
Chayei_Moharan 59,Likutei_Moharan 61,"שִׁמְעוֹן סִימָן ס' נֶאֱמַר בְּרֹאשׁ־הַשָּׁנָה תקס""ז. מַאֲמַר חֲדִי רַבִּי שִׁמְעוֹן סִימָן ס""א נֶאֱמַר בְּרֹאשׁ־הַשָּׁנָה תקס""ח. מַאֲמַר וַיַּסֵּב סִימָן ס""ב נֶאֱמַר בְּשַׁבַּת שִׁירָה"
Chayei_Moharan 59,Likutei_Moharan 62,"חֲדִי רַבִּי שִׁמְעוֹן סִימָן ס""א נֶאֱמַר בְּרֹאשׁ־הַשָּׁנָה תקס""ח. מַאֲמַר וַיַּסֵּב סִימָן ס""ב נֶאֱמַר בְּשַׁבַּת שִׁירָה תקס""ה. מַאֲמַר סוֹד כַּוָּנַת הַמִּילָה סִימָן ס""ג"
Chayei_Moharan 59,Likutei_Moharan 63,"סִימָן ס""ב נֶאֱמַר בְּשַׁבַּת שִׁירָה תקס""ה. מַאֲמַר סוֹד כַּוָּנַת הַמִּילָה סִימָן ס""ג נֶאֱמַר בְּשַׁבָּת שֶׁקֹּדֶם הַבְּרִית מִילָה שֶׁל בְּנוֹ הַקָּדוֹשׁ שְׁלֹמֹה אֶפְרַיִם"
Chayei_Moharan 59,Likutei_Moharan 65,"זִכְרוֹנוֹ לִבְרָכָה שֶׁנּוֹלַד סָמוּךְ לְרֹאשׁ־חֹדֶשׁ נִיסָן תקס""ה. מַאֲמַר וַיֹּאמֶר בֹּעַז סִימָן ס""ה נֶאֱמַר בְּקַיִץ תקס""ו בְּסָמוּךְ אַחַר פְּטִירַת בְּנוֹ הַקָּדוֹשׁ שְׁלֹמֹה אֶפְרַיִם"
Chayei_Moharan 59,Likutei_Moharan 242,"וְקֹדֶם לָזֶה אָמַר מַאֲמַר דַּע כִּי יֵשׁ אֲרִיךְ אַנְפִּין וְכוּ' סִימָן רמ""ב וּבְיוֹם חֲמִישִׁי שֶׁלְּפָנָיו בָּכָה לְפָנֵינוּ. וּבְשַׁבָּת שֶׁאַחַר זֶה אָמַר מַאֲמַר"
Chayei_Moharan 59,Likutei_Moharan 262,"בָּכָה לְפָנֵינוּ. וּבְשַׁבָּת שֶׁאַחַר זֶה אָמַר מַאֲמַר וְשִׁקֻּוַי בִּבְכִי מָסָכְתִּי סִימָן רס""ב. מַאֲמַר וִיהִי נָא פִּי שְׁנַיִם סִימָן ס""ו נֶאֱמַר אַחַר חֲנֻכָּה"
Chayei_Moharan 59,Likutei_Moharan 66,"וְשִׁקֻּוַי בִּבְכִי מָסָכְתִּי סִימָן רס""ב. מַאֲמַר וִיהִי נָא פִּי שְׁנַיִם סִימָן ס""ו נֶאֱמַר אַחַר חֲנֻכָּה תקס""ז. וּבְשַׁבָּת נֶאֱמַר מֵעִנְיַן שְׁבִירַת מְנִיעוֹת הַמְבֹאָר"
Chayei_Moharan 59,Likutei_Moharan 67,"טוֹב הַמְבֹאָר בְּמָקוֹם אַחֵר (לְקַמָּן פב). מַאֲמַר וַיִּבֶן אֶת הַצֵּלָע סִימָן ס""ז, נֶאֱמַר בְּזַאסְלַאב בְּשָׁבוּעוֹת תקס""ז. מַאֲמַר לְהִתְחַזֵּק בְּכָל פַּעַם נֶגֶד הַיֵּצֶר"
Chayei_Moharan 59,Likutei_Moharan 72,"בְּזַאסְלַאב בְּשָׁבוּעוֹת תקס""ז. מַאֲמַר לְהִתְחַזֵּק בְּכָל פַּעַם נֶגֶד הַיֵּצֶר הָרָע סִימָן ע""ב, נֶאֱמַר בְּאוֹתוֹ הָעֵת שֶׁנּוֹלַד בְּנוֹ הַקָּדוֹשׁ שְׁלֹמֹה אֶפְרַיִם הַנַּ""ל. מַאֲמַר"
Chayei_Moharan 59,Likutei_Moharan 78,"שֶׁנּוֹלַד בְּנוֹ הַקָּדוֹשׁ שְׁלֹמֹה אֶפְרַיִם הַנַּ""ל. מַאֲמַר וְיִתֶּן עֹז לְמַלְכּוֹ סִימָן ע""ח נֶאֱמַר בִּזְלַאטִיפָּאלְיֶע בְּרֹאשׁ־הַשָּׁנָה תקס""א. מַאֲמַר ""זוֹמֵם רָשָׁע לַצַּדִּיק"", סִימָן צ""ו,"
Chayei_Moharan 59,Likutei_Moharan 96,"סִימָן ע""ח נֶאֱמַר בִּזְלַאטִיפָּאלְיֶע בְּרֹאשׁ־הַשָּׁנָה תקס""א. מַאֲמַר ""זוֹמֵם רָשָׁע לַצַּדִּיק"", סִימָן צ""ו, נֶאֱמַר זְמַן רַב קֹדֶם נְסִיעָתוֹ לְאֶרֶץ־יִשְׂרָאֵל. מַאֲמַר צֹהַר תַּעֲשֶׂה לַתֵּבָה"
Chayei_Moharan 59,Likutei_Moharan 112,"נֶאֱמַר זְמַן רַב קֹדֶם נְסִיעָתוֹ לְאֶרֶץ־יִשְׂרָאֵל. מַאֲמַר צֹהַר תַּעֲשֶׂה לַתֵּבָה סִימָן קי""ב נֶאֱמַר בִּתְחִלַּת חֹרֶף תקס""ג. מַאֲמַר מַעְיָן דְּנָפֵק מֵאֲתַר חָד וּמַאֲמַר"
Chayei_Moharan 59,Likutei_Moharan 175,"הַחֲתֻנָּה שֶׁל בִּתּוֹ שָׂרָה זִכְרוֹנָהּ לִבְרָכָה. מַאֲמַר בְּשִׁמְךָ יְגִילוּן וְכוּ' סִימָן קע""ה נֶאֱמַר בְּמוֹצָאֵי שַׁבַּת תְּשׁוּבָה תקס""ה. מַאֲמַר וַיֹּאמֶר ה' סָלַחְתִּי כִּדְבָרֶךָ"
Chayei_Moharan 59,Likutei_Moharan 177,"נֶאֱמַר בְּמוֹצָאֵי שַׁבַּת תְּשׁוּבָה תקס""ה. מַאֲמַר וַיֹּאמֶר ה' סָלַחְתִּי כִּדְבָרֶךָ סִימָן קע""ז נֶאֱמַר בְּשַׁבָּת רֹאשׁ־חֹדֶשׁ חֶשְׁוָן תקס""ה שֶׁהָיָה אָז הַפָאר־שְׁפִּיל שֶׁל בִּתּוֹ"
Chayei_Moharan 59,Likutei_Moharan 197,"שֶׁל בִּתּוֹ מִרְיָם זִכְרוֹנָהּ לִבְרָכָה. מַאֲמַר לָשׁוֹן הָרָע פּוֹגֵם עֲנָוָה סִימָן קצ""ז, נֶאֱמַר קֹדֶם שָׁבוּעוֹת תקס""ה. תִּקּוּן לְמִקְרֵה וְכוּ' סִימָן ר""ה נֶאֱמַר"
Chayei_Moharan 59,Likutei_Moharan 205,"עֲנָוָה סִימָן קצ""ז, נֶאֱמַר קֹדֶם שָׁבוּעוֹת תקס""ה. תִּקּוּן לְמִקְרֵה וְכוּ' סִימָן ר""ה נֶאֱמַר אַחַר שָׁבוּעוֹת תקס""ה. וְהִתְגַּלּוּת הָעֲשָׂרָה קַפִּיטְל תְּהִלִּים הָיְתָה בִּשְׁנַת"
Chayei_Moharan 59,Likutei_Moharan 206,"הָעֲשָׂרָה קַפִּיטְל תְּהִלִּים הָיְתָה בִּשְׁנַת תקס""ט. מַאֲמַר תָּעִיתִי כְּשֶׂה אֹבֵד סִימָן ר""ו, שָׁמַעְתִּי מֵהָרַב רַבִּי נָתָן זִכְרוֹנוֹ לִבְרָכָה שֶׁבְּשָׁעָה שֶׁגִּלָּה רַבֵּנוּ זִכְרוֹנוֹ"
Chayei_Moharan 59,Likutei_Moharan 211,"בָּעִתִּים הַלָּלוּ הַהִתְבּוֹדְדוּת שֶׁלּוֹ. מַאֲמַר מַה שֶּׁהָעוֹלָם נוֹסְעִין עַל רֹאשׁ־הַשָּׁנָה סִימָן רי""א נֶאֱמַר סָמוּךְ לְרֹאשׁ־הַשָּׁנָה תקס""ח. וּבְרֹאשׁ־הַשָּׁנָה נֶאֱמַר מַאֲמַר חֲדִי רַבִּי שִׁמְעוֹן"
Chayei_Moharan 59,Likutei_Moharan 61,"נֶאֱמַר סָמוּךְ לְרֹאשׁ־הַשָּׁנָה תקס""ח. וּבְרֹאשׁ־הַשָּׁנָה נֶאֱמַר מַאֲמַר חֲדִי רַבִּי שִׁמְעוֹן סִימָן ס""א וְשָׁם מְבֹאָר בְּיוֹתֵר עִנְיָן זֶה שֶׁנּוֹסְעִין עַל רֹאשׁ־הַשָּׁנָה לְצַדִּיקִים, וְעִנְיַן"
Chayei_Moharan 59,Likutei_Moharan 211,"עַל רֹאשׁ־הַשָּׁנָה לְצַדִּיקִים, וְעִנְיַן כֻּלְּהוּ בַּמַּחֲשָׁבָה אִתְבְּרִירוּ רַק שֶׁבְּכָאן בְּסִימָן רי""א מְרֻמָּז גַּם מֵעִנְיַן נְסִיעָה עַל קִבְרֵי צַדִּיקִים בִּבְחִינַת וַיִּקַּח מֹשֶׁה אֶת"
Chayei_Moharan 59,Likutei_Moharan 277,"בִּבְחִינַת וַיִּקַּח מֹשֶׁה אֶת עַצְמוֹת יוֹסֵף וְכוּ'. מַאֲמַר בַּקָּמִים עָלַי סִימָן רע""ז וּמַאֲמַר דַּע שֶׁעַל חַלָּף טוֹב וְכוּ' בְּקַנְּאוֹ אֶת קִנְאָתִי וְכוּ'"
Chayei_Moharan 59,Likutei_Moharan 278,"דַּע שֶׁעַל חַלָּף טוֹב וְכוּ' בְּקַנְּאוֹ אֶת קִנְאָתִי וְכוּ' [סִימָן רע""ח] וּמַאֲמַר אֲזַמְּרָה סִימָן רפ""ב נֶאֶמְרוּ בִּשְׁמִינִי עֲצֶרֶת תקס""ח, וְאַחַר סֻכּוֹת בִּנְסִיעָתוֹ"
Chayei_Moharan 59,Likutei_Moharan 282,"טוֹב וְכוּ' בְּקַנְּאוֹ אֶת קִנְאָתִי וְכוּ' [סִימָן רע""ח] וּמַאֲמַר אֲזַמְּרָה סִימָן רפ""ב נֶאֶמְרוּ בִּשְׁמִינִי עֲצֶרֶת תקס""ח, וְאַחַר סֻכּוֹת בִּנְסִיעָתוֹ לְלֶבוּב בְּשָׁעָה שֶׁלִּוּוּ"
Chayei_Moharan 59,Likutei_Moharan%2C_Part_II 1,"שֶׁהוּא גְּמַר מַאֲמַר אֲזַמְּרָה הַנַּ""ל. מַאֲמַר תִּקְעוּ מֶמְשָׁלָה בְּלִקּוּטֵי תִנְיָנָא סִימָן א' נֶאֱמַר בְּרֹאשׁ־הַשָּׁנָה תקס""ט, וְקֹדֶם לָזֶה סִפֵּר מַרְאָה נוֹרָאָה כַּמְבֹאָר בְּמָקוֹם"
Chayei_Moharan 59,Likutei_Moharan 2,"נוֹרָאָה כַּמְבֹאָר בְּמָקוֹם אַחֵר (לְקַמָּן פד). מַאֲמַר יְמֵי חֲנֻכָּה [סִימָן ב] נֶאֱמַר בְּשַׁבַּת חֲנֻכָּה תקס""ט. מַאֲמַר וּבְיוֹם הַבִּכּוּרִים סִימָן ד' נֶאֱמַר בְּשָׁבוּעוֹת"
Chayei_Moharan 59,Likutei_Moharan 4,"חֲנֻכָּה [סִימָן ב] נֶאֱמַר בְּשַׁבַּת חֲנֻכָּה תקס""ט. מַאֲמַר וּבְיוֹם הַבִּכּוּרִים סִימָן ד' נֶאֱמַר בְּשָׁבוּעוֹת תקס""ט. מַאֲמַר תִּקְעוּ אֱמוּנָה סִימָן ה' נֶאֱמַר בְּרֹאשׁ־הַשָּׁנָה"
Chayei_Moharan 59,Likutei_Moharan 5,"וּבְיוֹם הַבִּכּוּרִים סִימָן ד' נֶאֱמַר בְּשָׁבוּעוֹת תקס""ט. מַאֲמַר תִּקְעוּ אֱמוּנָה סִימָן ה' נֶאֱמַר בְּרֹאשׁ־הַשָּׁנָה תק""ע. מַאֲמַר כִּי מְרַחֲמָם סִימָן ז' נֶאֱמַר בְּשַׁבַּת"
Chayei_Moharan 59,Likutei_Moharan 7,"תִּקְעוּ אֱמוּנָה סִימָן ה' נֶאֱמַר בְּרֹאשׁ־הַשָּׁנָה תק""ע. מַאֲמַר כִּי מְרַחֲמָם סִימָן ז' נֶאֱמַר בְּשַׁבַּת חֲנֻכָּה תק""ע. מַאֲמַר תִּקְעוּ תּוֹכָחָה סִימָן ח' נֶאֱמַר"
Chayei_Moharan 59,Likutei_Moharan 8,"מְרַחֲמָם סִימָן ז' נֶאֱמַר בְּשַׁבַּת חֲנֻכָּה תק""ע. מַאֲמַר תִּקְעוּ תּוֹכָחָה סִימָן ח' נֶאֱמַר בְּרֹאשׁ־הַשָּׁנָה תקע""א. סִימָנִים י, י""א, י""ב, י""ג, י""ד, ט""ו,"
Chayei_Moharan 59,Likutei_Moharan 32,"י""ד, ט""ו, ט""ז, י""ז. נֶאֶמְרוּ בְּסוֹף שְׁנַת תקס""ח בַּחֲזִירָתוֹ מִלֶּבוּב. סִימָן ל""ב, יֵשׁ צַדִּיקִים גְּנוּזִים נֶאֱמַר בְּשַׁבָּת פָּרָשַׁת יִתְרוֹ תקס""ט. סִימָן ס""ו,"
Chayei_Moharan 59,Likutei_Moharan 66,"סִימָן ל""ב, יֵשׁ צַדִּיקִים גְּנוּזִים נֶאֱמַר בְּשַׁבָּת פָּרָשַׁת יִתְרוֹ תקס""ט. סִימָן ס""ו, הַצַּדִּיק מֻכְרָח לַעֲשׂוֹת תְּשׁוּבָה נֶאֱמַר בֵּין יוֹם־כִּפּוּר לְסֻכּוֹת תק""ע. וּבָעֵת"
Chayei_Moharan 59,Likutei_Moharan 67,"נוֹרָאִים וְכוּ' (שִׂיחוֹת הָרַ""ן פז). מַאֲמַר בְּרֵאשִׁית לְעֵינֵי כָּל יִשְׂרָאֵל סִימָן ס""ז נֶאֱמַר בְּשַׁבַּת בְּרֵאשִׁית תק""ע. וּמְרֻמָּז שָׁם מֵעִנְיַן הִסְתַּלְּקוּת הָרַב הַקָּדוֹשׁ"
Chayei_Moharan 59,Likutei_Moharan 68,"בְּעַצְמוֹ כַּמּוּבָן מִמַּה שֶּׁחָזַר וְנִשְׁנָה מַאֲמָר זֶה סָמוּךְ לִכְנִיסָתוֹ לְאוּמֶין. סִימָן ס""ח קֹדֶם חֲנֻכָּה תק""ע. סִימָן ע""א חֲבָלִים נָפְלוּ לִי בַּנְּעִימִים שַׁבַּת"
Chayei_Moharan 59,Likutei_Moharan 71,"מַאֲמָר זֶה סָמוּךְ לִכְנִיסָתוֹ לְאוּמֶין. סִימָן ס""ח קֹדֶם חֲנֻכָּה תק""ע. סִימָן ע""א חֲבָלִים נָפְלוּ לִי בַּנְּעִימִים שַׁבַּת שִׁירָה. סִימָן ע""ב חַיִּים נִצְחִיִּים"
Chayei_Moharan 59,Likutei_Moharan 72,"חֲנֻכָּה תק""ע. סִימָן ע""א חֲבָלִים נָפְלוּ לִי בַּנְּעִימִים שַׁבַּת שִׁירָה. סִימָן ע""ב חַיִּים נִצְחִיִּים שַׁבָּת פָּרָשַׁת יִתְרוֹ תק""ע. סִימָן ע""ח שַׁבַּת נַחֲמוּ"
Chayei_Moharan 59,Likutei_Moharan 78,"שַׁבַּת שִׁירָה. סִימָן ע""ב חַיִּים נִצְחִיִּים שַׁבָּת פָּרָשַׁת יִתְרוֹ תק""ע. סִימָן ע""ח שַׁבַּת נַחֲמוּ בְּאוּמֶין. סִפּוּרֵי מַעֲשִׂיּוֹת מַעֲשֶׂה רִאשׁוֹנָה תקס""ו בַּקַּיִץ. מַעֲשֶׂה"
Chayei_Moharan 59,Likutei_Moharan 7,"לִשְׁפֹּךְ שִׂיחוֹ כְּבֵן הַמִּתְחַטֵּא לִפְנֵי אָבִיו וּמַעֲשֶׂה מִזְּקֵנוֹ רַבִּי נַחְמָן סִימָן ז' הָיָה אַחַר שָׁבוּעוֹת תקס""ט. סִימָן כ""ד מַעֲלַת הַזּוֹכֶה לִתֵּן מָעוֹת"
Chayei_Moharan 59,Likutei_Moharan 24,"וּמַעֲשֶׂה מִזְּקֵנוֹ רַבִּי נַחְמָן סִימָן ז' הָיָה אַחַר שָׁבוּעוֹת תקס""ט. סִימָן כ""ד מַעֲלַת הַזּוֹכֶה לִתֵּן מָעוֹת לְצַדִּיקֵי אֱמֶת קַיִץ תקס""ט, וְאַחַר־כָּךְ בְּרֹאשׁ־הַשָּׁנָה"
Chayei_Moharan 59,Likutei_Moharan 32,"וְשָׁם נִכְלָל עִנְיַן צַדִּיק אוֹכֵל לְשׂבַע נַפְשׁוֹ, וְהִשְׂבִּיעַ בְּצַחְצָחוֹת נַפְשֶׁךָ. סִימָן ל""ב צָרִיךְ לְחַזֵּק אֶת עַצְמוֹ בֶּאֱמוּנָה וְכוּ' וְשֶׁעַל־יְדֵי אֱמוּנָה זוֹכִין לָבוֹא"
Chayei_Moharan 59,Likutei_Moharan 7,"לִבְחִינַת רָצוֹן וְכוּ' חֹרֶף תק""ע אַחַר מַאֲמַר כִּי מְרַחֲמָם (סִימָן ז לִקּוּטֵי מוֹהֲרַ""ן תִּנְיָנָא) שֶׁאָמַר בְּשַׁבַּת חֲנֻכָּה. סִימָן מ' בְּעִנְיַן סִפְרֵי הַמְחַקְּרִים"
Chayei_Moharan 59,Likutei_Moharan 40,"כִּי מְרַחֲמָם (סִימָן ז לִקּוּטֵי מוֹהֲרַ""ן תִּנְיָנָא) שֶׁאָמַר בְּשַׁבַּת חֲנֻכָּה. סִימָן מ' בְּעִנְיַן סִפְרֵי הַמְחַקְּרִים וְכוּ' וְעִנְיַן דְּרֵיידִיל הָיָה גַּם־כֵּן בַּחֲנֻכָּה זֶה."
Chayei_Moharan 59,Likutei_Moharan 51,"וְעִנְיַן דְּרֵיידִיל הָיָה גַּם־כֵּן בַּחֲנֻכָּה זֶה. שִׂיחוֹת הַשַּׁיָּכִים לְסִפּוּרֵי מַעֲשִׂיּוֹת סִימָן נ""א הָעוֹלָם הַזֶּה אֵינוֹ כְּלוּם וְכוּ' עַד כִּי כְּבָר הֵם יוֹדְעִים"
Chayei_Moharan 59,Likutei_Moharan 60,"עָנָה וְאָמַר וְכוּ' שֶׁיַּעַמְדוּ וְיִשְׁקְטוּ שִׁמְרֵי הַמֹּחַ וְכוּ' קַיִץ תקס""ט. סִימָן ס' מֵעִנְיַן בִּנְיָנִים, חֹרֶף תק""ע. הַמַּעֲשֶׂה מֵהַסּוּס עִם הַפְּלוֹמְפְּ (סִפּוּרֵי מַעֲשִׂיּוֹת"
Chayei_Moharan 59,Likutei_Moharan 86,"הַמַּעֲשֶׂה מֵהַסּוּס עִם הַפְּלוֹמְפְּ (סִפּוּרֵי מַעֲשִׂיּוֹת בְּסוֹפוֹ) שָׁבוּעוֹת תקס""ז בְּזַאסְלַב. סִימָן פ""ו מֵעִנְיְנֵי חֲתֻנָּה שְׁמִינִי עֲצֶרֶת תקס""ג. סִימָן פ""ז לְפִי בְּחִינַת הַיָּמִים"
Chayei_Moharan 59,Likutei_Moharan 87,"שָׁבוּעוֹת תקס""ז בְּזַאסְלַב. סִימָן פ""ו מֵעִנְיְנֵי חֲתֻנָּה שְׁמִינִי עֲצֶרֶת תקס""ג. סִימָן פ""ז לְפִי בְּחִינַת הַיָּמִים נוֹרָאִים בֵּין יוֹם־הַכִּפּוּרִים לְסֻכּוֹת תק""ע. סִימָן צ""א"
Chayei_Moharan 59,Likutei_Moharan 91,"סִימָן פ""ז לְפִי בְּחִינַת הַיָּמִים נוֹרָאִים בֵּין יוֹם־הַכִּפּוּרִים לְסֻכּוֹת תק""ע. סִימָן צ""א סְגֻלָּה לְהַתְמָדָה עֶרֶב־רֹאשׁ־הַשָּׁנָה שֶׁל תקע""א. סִימָן צ""ג דַּע שֶׁיֵּשׁ אוֹר"
Chayei_Moharan 59,Likutei_Moharan 93,"יוֹם־הַכִּפּוּרִים לְסֻכּוֹת תק""ע. סִימָן צ""א סְגֻלָּה לְהַתְמָדָה עֶרֶב־רֹאשׁ־הַשָּׁנָה שֶׁל תקע""א. סִימָן צ""ג דַּע שֶׁיֵּשׁ אוֹר שֶׁהוּא מֵאִיר בְּאֶלֶף עוֹלָמוֹת, חֹרֶף תקס""ז, קֹדֶם"
