Ref1, Ref2, Ref1 snipette
Chayei Moharan 61:1:1,Likutei Moharan, Part II 67:1:1,"נֹחַ שְׁנַת תק""ע אַחֲרֵי שֶׁאָמַר בְּלֵיל שַׁבָּת הַתּוֹרָה הַמַּתְחֶלֶת (סִימָן סז תִּנְיָנָא): וְזֶה בְּחִינַת הֶסְפֵּד עַל סִלּוּק הַצַּדִּיק, וּבְמוֹצָאֵי־שַׁבָּת נִכְנַסְנוּ אֵלָיו כְּדַרְכֵּנוּ"
Chayei Moharan 63:1:1,Sichot HaRan 149:1:1,"(ד) שַׁיָּךְ לְהַתְחָלַת הַמַּעֲשֶׂה שֶׁל הַשִּׁבְעָה בֶּעטְלֶירְס הַנִּדְפָּס בְּהַשִּׂיחוֹת סִימָן קמ""ט עַיֵּן שָׁם. אַחַר תֵּבוֹת אֲנִי אֲסַפֵּר לָכֶם אֵיךְ פַּעַם אַחַת"
Chayei Moharan 64:1:1,Sichot HaRan 151.6:1:1,"(ה) שַׁיָּךְ לְהַשִּׂיחוֹת סִימָן קנ""א אַחַר תֵּבוֹת נִשְׂגְּבוֹת מַעֲלָתָם: אַחַר־כָּךְ בְּיוֹם רִאשׁוֹן אַחַר חֲצוֹת עָמַדְנוּ"
Chayei Moharan 67:1:1,Sichot HaRan 3:1:1:1,"(ח) שַׁיָּךְ לְהַשִּׂיחָה הַנִּדְפֶּסֶת בְּסוֹף סִפּוּרֵי־מַעֲשִׂיּוֹת (שִׂיחוֹת הָרַ""ן סִימָן ג') הַמַּתְחִיל הִפְלִיג מְאֹד בִּגְדֻלַּת הַשֵּׁם יִתְבָּרַךְ. וְשָׁם חָסֵר קְצָת וְלֹא"
Chayei Moharan 68:1,Sichot HaRan 50:1:1:1,"דָּאקְטוֹרִים שֶׁצְּרִיכִים לְהִתְרַחֵק מֵהֶם מְאֹד בְּתַכְלִית הָרִחוּק עַיֵּן שָׁם בְּסִימָן נ'. וְאָמַר שֶׁמִּי שֶׁיֵּשׁ לוֹ חוֹלֶה בְּתוֹךְ בֵּיתוֹ חַס וְשָׁלוֹם, אִם הָיָה"
Chayei Moharan 68:1,Sichot HaRan 50:1:1:1,"הָרְפוּאוֹת, וְאָמַר אָז כַּמָּה תוֹרוֹת מִשִּׂיחוֹת הָרַ""ן עַל זֶה (סִימָן נ), וְגַם מִקֹּדֶם שֶׁנָּסַע לְלֶעמְבֶּערְג הָיָה מְדַבֵּר מֵעִנְיַן זֶה אֲבָל אַחַר־כָּךְ הָיָה"
Chayei Moharan 69:1,Likutei Moharan 192:1:1,"כְּרַבּוֹ, בְּחִינַת דְּיוֹ עַל הַסֵּפֶר עַיֵּן שָׁם בְּלִקּוּטֵי א' בְּסִימָן קצ""ב. וּמַעֲשֶׂה שֶׁהָיָה כָּךְ הָיָה, שֶׁנָּסַעְתִּי עִמּוֹ עַל הָעֲגָלָה לְלַוּוֹתוֹ כְּשֶׁנָּסַע לִטְשֶׁעהרִין"
Chayei Moharan 69:1,Sichot HaRan 70:1:1:1,"הַיִתָּכֵן שֶׁאָנוּ מַנִּיחִין אֶת הַשֵּׁם יִתְבָּרַךְ לִגְזֹר (הַמּוּבָא בְּשִׂיחוֹת הָרַ""ן סִימָן ע), אָמַר אַחַר־כָּךְ דִּבְרֵי צַחוּת: ""אֱלֹקִים אַל דֳּמִי לָךְ"" לִבְלִי לְהַנִּיחַ"
Chayei Moharan 72:1,Sichot HaRan 98:1:1:1,"(יג) שַׁיָּךְ לְמַה שֶּׁמְּבֹאָר בְּהַשִּׂיחוֹת (סִימָן צ""ח) שֶׁהַחֹרֶף הִיא בְּחִינַת עִבּוּר וְקַיִץ הוּא בְּחִינַת לֵדָה. וְאָז דִּבֵּר עִמָּנוּ"
Chayei Moharan 73:1,Sichot HaRan 30:2:1:1,"(יד) שַׁיָּךְ לְהַשִּׂיחָה הַנִּדְפֶּסֶת בְּסִימָן ל' מַה שֶּׁכָּתַב שָׁם שֶׁצְּרִיכִין לְהַכּוֹת הָרֹאשׁ בַּקִּיר, הַיְנוּ לְהַכּוֹת הָרֹאשׁ שֶׁהוּא"
Chayei Moharan 73:1,Likutei Moharan 57:1:1,"שֶׁהוּא אוֹר הַפָּנִים כַּמְבֹאָר בְּמָקוֹם אַחֵר (לִקּוּטֵי מוֹהֲרַ""ן חֵלֶק א' סִימָן נ""ז): שִׂיחוֹת הַשַּׁיָּכִים לְסֵפֶר הַמִּדּוֹת"
Chayei Moharan 75:1,Sefer HaMiddot, Knowledge of God, Part II.1,(טז) שַׁיָּךְ לְהָאָלֶף־בֵּית הֶחָדָשׁ אוֹת ד' דַּעַת סִימָן א' הַמַּתְחִיל דַּע כִּי לְכָל הָעוֹלָמוֹת וּלְכָל נִבְרָא יֵשׁ קוֹמָה מְיֻחֶדֶת
Chayei Moharan 76:1,Sefer HaMiddot, Knowledge of God, Part II.1,"(יז) שַׁיָּךְ לָאָלֶף־בֵּית הֶחָדָשׁ אוֹת דַּעַת סִימָן א' בְּסוֹפוֹ, וְגַם יוֹדֵעַ הִתְאַחֲדוּתָם הַיְנוּ רֵאשִׁיתָם וְתַכְלִיתָם כִּי בְּרֵאשִׁית וּבְתַכְלִית"
Chayei Moharan 76:1,Likutei Moharan, Part II 39:1:1,"זִכְרוֹנוֹ לִבְרָכָה בְּהַתּוֹרָה הַמַּתְחֶלֶת לְכוּ חֲזוּ מִפְעֲלוֹת ה' בְּלִקּוּטֵי תִנְיָנָא סִימָן ל""ט, כִּי לְכָל דָּבָר יֵשׁ הַתְחָלָה וְתַכְלִית וְכוּ', עַיֵּן שָׁם הֵיטֵב."
Chayei Moharan 78:1,Likutei Moharan 44:1:1,"(יט) הַתּוֹרָה אַתֶּם נִצָּבִים בְּלִקּוּטֵי א' בְּסִימָן מ""ד אָמַר בְּשַׁבָּת שֶׁקֹּדֶם רֹאשׁ־הַשָּׁנָה שֶׁל שְׁנַת תקס""ג בַּשַּׁבָּת הָרִאשׁוֹן שֶׁנִּתְקָרַבְתִּי אֵלָיו."
Chayei Moharan 78:1,Likutei Moharan 46:1:1,"אָמַר לוֹ רַבֵּנוּ זִכְרוֹנוֹ לִבְרָכָה הַתּוֹרָה עַל מְחִיאַת כַּף שֶׁבְּסִימָן מ""ו. מֵעִנְיַן הַשָּׁלֹשׁ יָדַיִם וְכוּ' עַיֵּן שָׁם אֲבָל זֶה הָאִישׁ מִיאֵן לְהַטּוֹת"
Chayei Moharan 79:1,Likutei Moharan, Part II 2:1:1,"חֲנֻכָּה הֵם יְמֵי הוֹדָאָה בְּחִינַת תּוֹדָה וְכוּ' בְּלִקּוּטֵי תִנְיָנָא בְּסִימָן ב. זֹאת הַתּוֹרָה אָמַר בְּשַׁבַּת חֲנֻכָּה וּבְאוֹתָהּ שָׁנָה בָּא מִלֶּמְבֶּרְגְּ, וּלְפִי עֲנִיּוּת"
Chayei Moharan 80:1,Likutei Moharan 13:1:1,"הַנְּפָשׁוֹת שֶׁנִּמְצָא אָז לְפָנָיו (כַּמְבֹאָר בְּהַתּוֹרָה אַשְׁרֵי בְּלִקּוּטֵי א' בְּסִימָן י""ג. וְכֵן בְּהַתּוֹרָה תִּשְׁעָה תִּקּוּנִים סִימָן כ' בְּלִקּוּטֵי א). וְאַחַר כָּךְ כְּשֶׁבָּא"
Chayei Moharan 80:1,Likutei Moharan 20:1:1,"בְּהַתּוֹרָה אַשְׁרֵי בְּלִקּוּטֵי א' בְּסִימָן י""ג. וְכֵן בְּהַתּוֹרָה תִּשְׁעָה תִּקּוּנִים סִימָן כ' בְּלִקּוּטֵי א). וְאַחַר כָּךְ כְּשֶׁבָּא הָאִישׁ הַנַּ""ל אָז גִּלָּה פֵּרוּשׁ"
Chayei Moharan 83:1,Likutei Moharan 20,בָּהֶם רְמָזִים מֵהַמַּעֲשֶׂה הַזֹּאת. וְהַתּוֹרָה הַמַּתְחֶלֶת תִּשְׁעָה תִּקּוּנִין בְּלִקּוּטֵי א' סִימָן כ' הוּא כֻּלּוֹ פֵּרוּשׁ עַל זֹאת הַמַּעֲשֶׂה. וְהַמַּשְׂכִּיל יָבִין שָׁם כַּמָּה
Chayei Moharan 84:1,Likutei Moharan, Part II 1:1:1,"נְשָׁמוֹת הַכְּלוּלִים בַּכִּסֵּא עַיֵּן שָׁם הֵיטִיב כָּל הַתּוֹרָה בְּלִקּוּטֵי תִנְיָנָא סִימָן א' כִּי הוּא פֵּרוּשׁ עַל הַמַּעֲשֶׂה הַנַּ""ל. כִּי זֹאת הַתּוֹרָה נֶאֶמְרָה"
Chayei Moharan 92:1,Likutei Moharan 57:1:1,"עַיֵּן בְּלִקּוּטֵי מוֹהֲרַ""ן בְּמַאֲמַר שָׁאַלוּ אֶת ר' יוֹסִי בֶּן קִיסְמָא סִימָן נז מְבַאֵר שָׁם שֶׁעַל יְדֵי אֲכִילָה בִּקְדוּשָׁה מִתְנוֹצְצִים בְּהָאָדָם אוֹר הָאָבוֹת]:"
Chayei Moharan 94:1,Likutei Moharan 65:1:1,"לְסַפֵּר הַמַּעֲשֶׂה שֶׁל הַתּוֹרָה וַיֹּאמֶר בֹּעַז אֶל רוּת בְּלִקּוּטֵי א' סִימָן ס""ה שֶׁהִגִּיד בָּעֵת הַהִיא. וְסִפֵּר עַזּוּת הָיָה לוֹ בַּת וּשְׁלָחָהּ אֶל"
Chayei Moharan 94:1,Likutei Moharan 20:1:1,"בְּתוֹךְ כָּל תּוֹרָה וְתוֹרָה. וּבִפְרָט הַתּוֹרָה תִּשְׁעָה תִּקּוּנִין בְּלִקּוּטֵי א' סִימָן כ, הוּא פֵּרוּשׁ עַל אוֹתוֹ הַמַּעֲשֶׂה. מַעֲשֶׂה שֶׁל בַּת מֶלֶךְ הַמְסַיֶּמֶת"
Chayei Moharan 94:1,Likutei Moharan 60,לְדַעְתֵּנוּ שַׁיֶּכֶת עַל הַתּוֹרָה הַמַּתְחֶלֶת פָּתַח רַבִּי שִׁמְעוֹן בְּלִקּוּטֵי א' סִימָן ס. מַעֲשֶׂה מֵהַכִּסֵּא (לְעֵיל פד) שַׁיֶּכֶת לְהַתּוֹרָה תִּקְעוּ בַחֹדֶשׁ שׁוֹפָר בְּלִקּוּטֵי
Chayei Moharan 94:1,Likutei Moharan, Part II 1,מֵהַכִּסֵּא (לְעֵיל פד) שַׁיֶּכֶת לְהַתּוֹרָה תִּקְעוּ בַחֹדֶשׁ שׁוֹפָר בְּלִקּוּטֵי תִנְיָנָא סִימָן א' שֶׁהִיא בֵּאוּר אוֹתָהּ הַמַּעֲשֶׂה:
Chayei Moharan 96:1,Likutei Moharan 10:1:1,"בְּחִינַת הַמְחָאַת כַּף וְרִקּוּדִין כַּמּוּבָא בְּהַתּוֹרָה וְאֵלֶּה הַמִּשְׁפָּטִים בְּלִקּוּטֵי א' סִימָן י' הַמְדַבֵּר מֵהַמְחָאַת כַּף וְרִקּוּדִין, שֶׁמְּבֹאָר שָׁם מַאֲמַר הַזֹּהַר הַקָּדוֹשׁ (תִּקּוּנֵי"
Chayei Moharan 114:1,Likutei Moharan, Part II 62:1:1,"אָז הַתּוֹרָה שֶׁל אֵלֶּה מַסְעֵי בְנֵי יִשְׂרָאֵל הַמּוּבָא בְּלִקּוּטֵי תִנְיָנָא סִימָן ס""ב שֶׁמְּדַבֵּר שָׁם מִתִּקּוּן חֵטְא עֲבוֹדָה זָרָה לְכַפֵּר עַל אֵלֶּה אֱלֹהֶיךָ"
Chayei Moharan 114:1,Likutei Moharan 146:1:1,"הָיָה בְּבֵית הַזָּקֵן הַנַּ""ל, וְקִבְּלוֹ בְּכָבוֹד גָּדוֹל וְכַמְבֹאָר לְקַמָּן (סִימָן קמו) בְּעִנְיַן נְסִיעָתוֹ לְאֶרֶץ־יִשְׂרָאֵל. וְכַיָּדוּעַ שֶׁגַּם אַחַר־כָּךְ הָיְתָה אַהֲבָה גְּדוֹלָה בֵּינֵיהֶם כְּמִקֶּדֶם:1:1,"
Chayei Moharan 115:1,Likutei Moharan 10,[הַגְּזֵירָה לָקַחַת יְהוּדִים לַצָּבָא]. וּבְחֹרֶף זֶה אָמַר מַאֲמַר וְאֵלֶּה הַמִּשְׁפָּטִים סִימָן י' הַמְדַבֵּר מֵרִקּוּדִין וְהַמְחָאַת כַּף). עוֹד שָׁמַעְתִּי שֶׁפַּעַם אַחַת סָמוּךְ לִכְנִיסָתוֹ
Chayei Moharan 116:1,Likutei Moharan 49:1:1,"גְּבוֹהָה מְאֹד הַמַּתְחֶלֶת לַשֶּׁמֶשׁ שָׂם אֹהֶל בָּהֶם בְּלִקּוּטֵי א' בְּסִימָן מ""ט וְשָׁם מְרֻמָּז נִיסָן וְשָׂרָה וְיִצְחָק וְכַלָּה וַחֲתֻנָּה וְכוּ'. וְאָמַר שֶׁזֹּאת הַתּוֹרָה"
Chayei Moharan 116:1,Likutei Moharan 8:1:1,"חֲנֻכָּה אַחַר אֲמִירַת הַתּוֹרָה הַמַּתְחֶלֶת רָאִיתִי מְנוֹרַת זָהָב בְּלִקּוּטֵי א' סִימָן ח, וְאַחַר־כָּךְ בְּפוּרִים בְּמֶעדְוֶועדִיוְוקֶע, וְאַחַר־כָּךְ עַל הַחֲתֻנָּה הַנַּ""ל. וְאָמַר בְּעַצְמוֹ בְּזֹאת"
Chayei Moharan 116:1,Likutei Moharan 10,עַל־יְדֵי רִקּוּדִין מַמְתִּיקִין הַדִּינִים וּמְבַטְּלִין הַגְּזֵרוֹת כַּמְבֹאָר בְּהַתּוֹרָה וְאֵלֶּה הַמִּשְׁפָּטִים סִימָן י' בְּלִקּוּטֵי א' הַמַּתְחֶלֶת עַל־יְדֵי רִקּוּדִין וְהַמְחָאַת כַּף מַמְתִּיקִין הַדִּינִים. וְגַם
Chayei Moharan 117:1,Likutei Moharan 22:1:1,"שֶּׁשָּׁמַע בְּאוֹתוֹ הָעֵת הַיְנוּ מַאֲמַר חוֹתָם בְּתוֹךְ חוֹתָם בְּלִקּוּטֵי א' סִימָן כ""ב הוּא מֵאוֹתוֹ הַתּוֹרָה שֶׁל הַמָּקוֹם הַנַּ""ל, רַק הוּא מְעַט וּמִקְצָת"
Chayei Moharan 117:1,Likutei Moharan 177:1:1,"סָ'לַחְתִּי כִּ'דְבָרֶיךָ רָאשֵׁי־תֵבוֹת כּוֹסִ""י, שֶׁנִּדְפַּס מִזֶּה רַק רָאשֵׁי פְרָקִים בְּסִימָן קע""ז בְּלִקּוּטֵי א'. וַאֲנִי פָּסַקְתִּי אָז לוֹמַר קַדִּישׁ עַל אִמִּי זִכְרוֹנָהּ לִבְרָכָה."
Chayei Moharan 124:1,Likutei Moharan, Part II 2:1:1,"אָמַר הַתּוֹרָה הַמַּתְחֶלֶת יְמֵי חֲנֻכָּה הֵם יְמֵי הוֹדָאָה בְּלִקּוּטֵי תִנְיָנָא סִימָן ב'. וְאָז צִוָּה לְזַמֵּר עַל הַשֻּׁלְחָן (תְּהִלִּים קכ""ד): ""שִׁיר הַמַּעֲלוֹת לְדָוִד"
Chayei Moharan 126:1,Chayei Moharan 403:1:1,"וְלֹא הִזְהִיר כָּל כָּךְ כְּמוֹתוֹ. וְעוֹד מְבֹאָר בְּמָקוֹם אַחֵר (סִימָן ת""ג) מַה שֶּׁצִּוָּה לַעֲשׂוֹת כְּרוּז וְכוּ' וְאָמַר אָז שֶׁכָּל מִי שֶׁזּוֹכֶה לִהְיוֹת"
Chayei Moharan 136:1,Likutei Moharan 256:1:1,"וְגִלָּה לוֹ שֶׁשֵּׁם ""אַתָּה"" מְסֻגָּל עַל הַיָּם כַּמּוּבָא בְּסִפְרוֹ בְּסִימָן רנו כְּמוֹ שֶׁכָּתוּב (תְּהִלִּים פ""ט): ""בְּשׂוֹא גַלָּיו אַתָּה תְשַׁבְּחֵם"" וְיֵשׁ עוֹד בָּזֶה"
Chayei Moharan 143:1,Likutei Moharan 73:1:1,"בַּמַּיִם אִתְּךָ אֲנִי"" וְזֹאת הַתּוֹרָה כְּבָר נִדְפַּס בְּלִקּוּטֵי א' (סִימָן עג) וְזֹאת הַתּוֹרָה הָיְתָה יְקָרָה וּגְדוֹלָה בְּעֵינָיו מְאֹד:"
Chayei Moharan 151:1,Chayei Moharan 115:1:1,"כִּי בִּכְנִיסָתוֹ לְפֹה נִתְקָרַבְתִּי אֵלָיו מִיָּד בְּסָמוּךְ כַּנִּזְכָּר לְעֵיל (סִימָן קטו), אָז בַּקַּיִץ בִּשְׁנַת תקס""ו בְּחֹדֶשׁ סִיוָן נִפְטַר בְּנוֹ הַיֶּלֶד שְׁלֹמֹה אֶפְרַיִם"
Chayei Moharan 151:1,Likutei Moharan 65:1:1,"בְּלִי שִׁעוּר כַּמְבֹאָר בְּהַתּוֹרָה וַיֹּאמֶר בֹּעַז אֶל רוּת בְּלִקּוּטֵי א' סִימָן ס""ה עַיֵּן שָׁם, וּמֵאָז דִּבֵּר הַרְבֵּה מֵעִנְיַן תִּקּוּן הַנְּשָׁמוֹת, וּבִפְרָט אַחַר"
Chayei Moharan 151:1,Likutei Moharan 60:1:1,"שֶׁאַחֲרָיו מִיָּד שֶׁהוּא רֹאשׁ־הַשָּׁנָה תקס""ז הַתּוֹרָה פָּתַח רַבִּי שִׁמְעוֹן בְּסִימָן ס שֶׁמְּדַבֶּרֶת מִסִּפּוּרֵי מַעֲשִׂיּוֹת וְכוּ'. וְאָז בְּאוֹתוֹ יוֹם־כִּפּוּר הָיְתָה הַשְּׂרֵפָה רַחֲמָנָא לִצְלַן"
Chayei Moharan 153:1,Likutei Moharan 67:1:1,"אָז לִשְׁמֹעַ מִפִּיו הַקָּדוֹשׁ תּוֹרָה נִפְלָאָה וּכְבָר נִדְפְּסָה בַּסֵּפֶר בְּסִימָן ס""ז:"
Chayei Moharan 167:1,Likutei Moharan 282:1:1,"שֶׁכָּל אֶחָד מֵהַצַּדִּיקִים בּוֹנִים וְכוּ' כְּמוֹ שֶׁמּוּבָא בְּלִקּוּטֵי א' בְּסִימָן רפ""ב בְּהַתּוֹרָה אֲזַמְּרָה לֵאלֹקַי בְּעוֹדִי:"
Chayei Moharan 197:1,Likutei Moharan 190:1:1,"הַשָּׁלוֹם שֶׁהוֹסִיף יוֹם אֶחָד מִדַּעְתּוֹ בְּלִי מִצְוָה (וְעַיֵּן בְּלִקּוּטֵי א' סִימָן ק""צ מִזֶּה). וּבְזֹאת הַבְּחִינָה הִיא עִקַּר הָעֲבוֹדָה וְהַבְּחִירָה כִּי נִשְׁאָר מְסֻפָּק"
Chayei Moharan 197:1,Likutei Moharan, Part II 8:1:1,"שָׁמַעְנוּ תּוֹרָה נִפְלָאָה וְנוֹרָאָה בְּרֹאשׁ־הַשָּׁנָה הַזֶּה (לִקּוּטֵי מוֹהֲרַ""ן חֵלֶק ב' סִימָן ח) שֶׁהוּא רֹאשׁ־הַשָּׁנָה הָאַחֲרוֹן. וְגַם נִסְתַּלֵּק בִּמְדִינָתֵנוּ בְּאוּמֶין וְנִשְׁאַר הַשְׁאָרָתוֹ הַקְּדוֹשָׁה"
Chayei Moharan 197:1,Chayei Moharan 162:1:1,"עַל־יְדֵי־זֶה וְדִבֵּר אָז מֵעִנְיַן קִבְרוֹ כַּמְבֹאָר קְצָת מִזֶּה לְעֵיל (סִימָן קסב) אָז אָמַר בְּזֶה הַלָּשׁוֹן אֲנִי רוֹצֶה לִשָּׁאֵר בֵּינֵיכֶם ""אִיךְ וִויל בְּלַייבְּן"
Chayei Moharan 205:1,Likutei Moharan, Part II 8:1:1,"הַחֲדָשִׁים שֶׁנַּעֲשׂוּ כַּנַּ""ל וְהָבֵן. [וְעַיֵּן בְּהַתּוֹרָה תִּקְעוּ תּוֹכָחָה בְּלִקּוּטֵי תִנְיָנָא סִימָן ח' מֵעִנְיַן הַבָּתִּים עַיֵּן שָׁם]. עָנָה וְאָמַר, זֶה זְמַן רַב שֶׁיֵּשׁ"
Chayei Moharan 207:1,Likutei Moharan, Part II 8:7:1:1:1,"מְחֻבָּר לְהַשִּׂיחָה שֶׁל הַבָּתִּים הַנַּ""ל. (וְעַיֵּן לִקּוּטֵי מוֹהֲרַ""ן חֵלֶק ב' סִימָן ח' אוֹת ז). וְאִם עֵינֵי שֵׂכֶל לְךָ תָּבִין מְעַט עַד הֵיכָן"
Chayei Moharan 209:1,Sichot HaRan 6,וְהֵם אֵינָם יוֹדְעִים כְּלָל מַהוּ חֲרָטָה וְכוּ' כַּנִּדְפַּס בְּהַשִּׂיחוֹת (סִימָן ו):
Chayei Moharan 215:1,Likutei Moharan2C Part II 78:3:1:1:1,"בְּעֵת פְּשִׁיטוּתוֹ מֵהַדֶּרֶךְ שֶׁנָּסַע לְאֶרֶץ־יִשְׂרָאֵל. וּבֵאֵר הָעִנְיָן כַּמּוּבָא בְּסִפְרֵנוּ בְּסִימָן ע""ח בְּלִקּוּטֵי תִנְיָנָא עַיֵּן שָׁם. וְאָמַר שֶׁאֵינוֹ יוֹדֵעַ כְּלָל וְנִשְׁבַּע בְּשַׁבָּת קֹדֶשׁ:1:1,"
Chayei Moharan 219:1,Chayei Moharan 202:1:1,"וְאָמַר אָז שֶׁאֵין אַתֶּם חוֹטְאִים כָּל כָּךְ כַּמְבֹאָר לְעֵיל (סִימָן רב). אֲבָל בְּרֹאשׁ־הַשָּׁנָה אָמַר תּוֹרָה נִפְלָאָה שָׁם בְּאוּמֶין, וְהִיא תִּקְעוּ בְּלִקּוּטֵי תִנְיָנָא"
Chayei Moharan 219:1,Likutei Moharan, Part II 8:1:1,"בְּרֹאשׁ־הַשָּׁנָה אָמַר תּוֹרָה נִפְלָאָה שָׁם בְּאוּמֶין, וְהִיא תִּקְעוּ בְּלִקּוּטֵי תִנְיָנָא סִימָן ח' הַמַּתְחִיל אַף עַל פִּי שֶׁתּוֹכָחָה דָּבָר גָּדוֹל. וּבְרֹאשׁ־הַשָּׁנָה בְּיוֹם הָרִאשׁוֹן"
Chayei Moharan 222:1,Chayei Moharan 219:1:1,"בְּרֹאשׁ־הַשָּׁנָה הָאַחֲרוֹן שֶׁאָז הִתְגַבֵּר עָלָיו הַחוֹלַאַת מְאֹד כַּנִּזְכָּר לְעֵיל (סִימָן ריט). וּבְלֵיל הַשֵּׁנִי דְּרֹאשׁ־הַשָּׁנָה אַחַר אֲמִירַת הַתּוֹרָה, אַחַר־כָּךְ הִתְגַבֵּר עָלָיו בְּיוֹתֵר הַחוֹלַאַת"
Chayei Moharan 229:1,Chayei Moharan 188,דִּבֵּר עִמִּי מֵעִנְיָן שֶׁהַשֵּׁם יִתְבָּרַךְ גּוֹמֵר תָּמִיד כַּמּוּבָא לְעֵיל (סִימָן קפח). וּלְבָאֵר כָּל אֵלּוּ הָעִנְיָנִים צְרִיכִין לְסַפֵּר הַרְבֵּה אֲשֶׁר לֹא יַסְפִּיקוּ כַּמָּה
Chayei Moharan 255:1,Likutei Moharan 79:1:1,"(טו) אַחַר שֶׁאָמַר הַתּוֹרָה בְּטַח בַּה' וַעֲשֵׂה טוֹב בְּסִימָן ע""ט בְּלִקּוּטֵי א' הָיָה הוֹלֵךְ בְּבֵיתוֹ אָנָה וָאָנָה כְּדַרְכּוֹ וְאָחַז מַטֶּה בְּיָדוֹ"
Chayei Moharan 255:1,Chayei Moharan 36,הַיְנוּ שֶׁזָּכָה לִכְבֹּשׁ אֶת בְּחִירָתוֹ בִּשְׁלֵמוּת כַּמְבֹאָר בַּשִּׂיחוֹת לְעֵיל (סִימָן לו):
Chayei Moharan 262:1,Likutei Moharan 51:1:1,"וְהַבּוֹחֵר יִבְחַר לוֹ הָאֱמֶת כִּי הָאֱמֶת הוּא אֶחָד. (וְעַיֵּן בְּסִימָן נ""א בְּלִקּוּטֵי א) וּמִזֹּאת הַשִּׂיחָה בְּעַצְמָהּ יוּכַל לְהָבִין מְעַט גְּדֻלָּתוֹ, כִּי עַל־יְדֵי"
Chayei Moharan 263:1,Likutei Moharan 8:1:1,"שְׁלִישִׁית אַחַר שֶׁאָמַר הַתּוֹרָה הַנּוֹרָאָה רָאִיתִי מְנוֹרַת זָהָב בְּלִקּוּטֵי א' סִימָן ח', וּבְפוּרִים, וְאַחַר־כָּךְ בְּרֹאשׁ חֹדֶשׁ נִיסָן הָיְתָה הַחֲתֻנָּה שֶׁל בִּתּוֹ שָׂרָה"
Chayei Moharan 263:1,Likutei Moharan 49:1:1,"אַחַר שֶׁאָמַר הַתּוֹרָה הַנּוֹרָאָה וְהוּא כְּחָתָן יֹצֵא מֵחֻפָּתוֹ (בְּלִקּוּטֵי א' סִימָן מ""ט). כִּי בְּעֵת אֲמִירַת הַתּוֹרָה הִתְחִיל בְּקוֹל נִפְלָא מֵאֵלּוּ הַתֵּבוֹת וְהוּא"
Chayei Moharan 263:1,Likutei Moharan 10:1:1,"כַּף מַמְתִּיקִין הַדִּינִים וּמְבַטְּלִין הַגְּזֵרוֹת כַּמְבֹאָר בְּהַתּוֹרָה וְאֵלֶּה הַמִּשְׁפָּטִים בְּסִימָן י' לִקּוּטֵי א' שֶׁנֶּאֱמַר לָעִנְיָן זֶה כַּנִּרְשַׁם בְּמָקוֹם אַחֵר (שִׂיחוֹת הָרַ""ן קלא):"
Chayei Moharan 267:1,Likutei Moharan 64:1:1,"הַמַּעֲתִּיק: עַיֵּן בְּלִקּוּטֵי מוֹהֲרַ""ן בְּהַתּוֹרָה בֹּא אֶל פַּרְעֹה חֵלֶק א' סִימָן ס""ד, וּבְלִקּוּטֵי תִנְיָנָא בְּהַתּוֹרָה תִּקְעוּ תּוֹכָחָה סִימָן ח'): פַּעַם אֶחָד הֵרִים"
Chayei Moharan 267:1,Likutei Moharan 8:1:1,"פַּרְעֹה חֵלֶק א' סִימָן ס""ד, וּבְלִקּוּטֵי תִנְיָנָא בְּהַתּוֹרָה תִּקְעוּ תּוֹכָחָה סִימָן ח'): פַּעַם אֶחָד הֵרִים יָדָיו עַד כְּתֵפָיו וְהוֹרִידָם מִכְּתֵפָיו וּלְמַטָּה וְאָמַר"
Chayei Moharan 272:1,Likutei Moharan, Part II 28:1:1,"אֶל אַדְמוֹ""ר זַ""ל אַחַר שֶׁאָמַר הַמַּאֲמַר הַמּוּבָא בְּלִקּוּטֵי מוֹהֲרַ""ן תִנְיָנָא סִימָן כח דַּע שֶׁיֵּשׁ חִלּוּקִים בֵּין הַתּוֹרוֹת וְכוּ' וּמוֹרֵנוּ מוֹהֲרַנַ""ת זַ""ל מֵעֹצֶם"
Chayei Moharan 283:1,Chayei Moharan 215,יְלוּד אִשָּׁה שֶׁזָּכָה לְהַשָּׂגוֹת כָּאֵלּוּ לְתַכְלִית הָאֱמֶת. וְעַיֵּן לְעֵיל (סִימָן רטו) מִזֶּה שֶׁבְּעִנְיָן זֶה בִּבְחִינַת אֵינִי יוֹדֵעַ הָיָה חִדּוּשׁ מֻפְלָג מְאֹד כַּאֲשֶׁר
Chayei Moharan 320:1,Likutei Moharan 123:1:1,"עִנְיָן עַם נָבָל וְלֹא חָכָם, כַּמְבֹאָר בַּסֵּפֶר לִקּוּטֵי א' בְּסִימָן קכ""ג, מִן הַסְּתָם מִי שֶׁיָּכוֹל לִלְמֹד בְּיוֹתֵר מְסֻגָּל בְּיוֹתֵר:"
Chayei Moharan 356:1,Likutei Moharan 60:1:1,"(יז) אַחַר שֶׁמָּסַר הַתּוֹרָה פָּתַח רַבִּי שִׁמְעוֹן בְּלִקּוּטֵי א' סִימָן ס' אָמַר שֶׁהָיְתָה חֲתֻנָּה יָפָה ""סֶע גִּיוֶוען אַשֵׁיין חֲתֻנְקַלֶע"" וְהָיָה רָאוּי"
Chayei Moharan 361:1,Likutei Moharan 20:1:1,"בְּעֵינַי בְּשָׁעָה שֶׁהִתְחִיל לוֹמַר הַתּוֹרָה תִּשְׁעָה תִּקּוּנִין יַקִּירִין וְכוּ' (סִימָן כ' בְּלִקּוּטֵי מוֹהֲרַ""ן) שֶׁהָיָה כּוֹפֵל אֵלּוּ הַתֵּבוֹת תִּשְׁעָה תִּקּוּנִין וְכוּ' כַּמָּה פְּעָמִים."
Chayei Moharan 362:1,Likutei Moharan 33:1:1,"וּפְרִי־עֵץ־חַיִּים. כְּגוֹן הַתּוֹרָה שֶׁל מִי הָאִישׁ הֶחָפֵץ חַיִּים (בְּלִקּוּטֵי א' סִימָן ל""ג) יֵשׁ בּוֹ סוֹד כַּוָּנַת לוּלָב אַף־עַל־פִּי שֶׁלֹּא נִזְכָּר בּוֹ דָּבָר"
Chayei Moharan 362:1,Likutei Moharan 387:1:1,"(שָׁם קא) כִּמְדֻמֶּה לִי שֶׁיֵּשׁ בּוֹ כַּוָּנַת קִדּוּשׁ (עַיֵּן לְקַמָּן סִימָן שפז), וְכַיּוֹצֵא בָּזֶה שְׁאָרֵי הַמַּאֲמָרִים. וְשָׁמַעְתִּי מִפִּיו הַקָּדוֹשׁ שֶׁאָמַר, שֶׁרָצָה לַעֲשׂוֹת"
Chayei Moharan 362:1,Likutei Moharan 38:1:1,"וְכֵן כַּמָּה תּוֹרוֹת יֵשׁ בְּהַסֵּפֶר, כְּגוֹן ""מַרְכְּבוֹת פַּרְעֹה"" (בְּלִקּוּטֵי מוֹהֲרַ""ן סִימָן לח), ""אַשְׁרֵי הָעָם־זַרְקָא"" (שָׁם, סִימָן לה) וְעוֹד כַּמָּה תּוֹרוֹת שֶׁאָמַר בְּאוֹתָן"
Chayei Moharan 362:1,Likutei Moharan 35:1:1,"כְּגוֹן ""מַרְכְּבוֹת פַּרְעֹה"" (בְּלִקּוּטֵי מוֹהֲרַ""ן סִימָן לח), ""אַשְׁרֵי הָעָם־זַרְקָא"" (שָׁם, סִימָן לה) וְעוֹד כַּמָּה תּוֹרוֹת שֶׁאָמַר בְּאוֹתָן הָעִתִּים, וְכֻלָּם הֵם סוֹד כַּוָּנוֹת"
Chayei Moharan 364:1,Sichot HaRan 128:1:1,"כְּבוֹד אֱלֹקִים הַסְתֵּר דָּבָר וְהַמַּשְׂכִּילִים יָבִינוּ: (כו) [נִדְפַּס בְּשִׂיחוֹת הָרַ""ן סִימָן קכח] סִפֵּר שֶׁיָּדַע כָּל דִּבְרֵי הָעֵץ חַיִּים וּפְרִי עֵץ חַיִּים וְכָל"
Chayei Moharan 387:1,Likutei Moharan 101:1:1,"שֶׁכַּוָּנוֹת שֶׁל קִדּוּשׁ הֵם בֶּאֱמֶת בַּמַּאֲמָר בִּקְרֹב עָלַי הַשֵּׁנִי בְּסִימָן ק""א:"
Chayei Moharan 389:1,Chayei Moharan 594:1:1,"הֵיטֵב וְתָבִין מְעַט דַּרְכֵי הַסֵּפֶר הַקָּדוֹשׁ הַזֶּה. (וְעַיֵּן לְקַמָּן בְּהַשִּׂיחוֹת סִימָן תקצ""ד מְבֹאָר גַּם־כֵּן מַה שֶּׁבֵּאֵר לִי פַּעַם אַחַת וְאָמַר לִי, כִּי"
Chayei Moharan 390:1,Likutei Moharan, Part II 4:1:1,"(נב) בְּלִקּוּטֵי תִנְיָנָא סִימָן ד', מַה שֶּׁמְּבֹאָר שָׁם מֵעִנְיַן רְפוּאַת הַמַּכָּה וְלִכְאוֹרָה אֵין פֵּרוּשׁ לַדְּבָרִים"
Chayei Moharan 395:1,Chayei Moharan 21:1:1,"אַחַר מִיתָתוֹ וְכוּ' [וּמְבֹאָר בְּמָקוֹם אַחֵר לְעֵיל ""סִפּוּרִים חֲדָשִׁים"" סוֹף סִימָן כ""א] (לְעֵיל קא):"
Chayei Moharan 400:1,Chayei Moharan 8:1:1,"כִּי יֵשׁ כַּמָּה מִינֵי חַיִּים כַּמְבֹאָר בְּמָקוֹם אַחֵר עַיֵּן לְעֵיל סִימָן ח', וּכְמוֹ שֶׁנִּמְצָאִים בְּנֵי אָדָם שֶׁחַיִּים חַיֵּי צַעַר וְאֵין נִכָּר לְהָעוֹלָם"
Chayei Moharan 412:1,Likutei Moharan 64:1:1,"שֶׁל חֲקִירוֹת הַנַּ""ל. גַּם עַיֵּן בְּהַתּוֹרָה בֹּא אֶל פַּרְעֹה בְּסִימָן ס""ד בְּלִקּוּטֵי א' שֶׁמְּבֹאָר שָׁם גֹּדֶל הָאִסּוּר לִכְנֹס בַּחֲקִירוֹת, כִּי נִמְשָׁכִין מֵחָלָל"
Chayei Moharan 415:1,Likutei Moharan 21:1:1,"הַיְדִיעָה וְהַבְּחִירָה, כְּבָר מְבֹאָר [בְּהַסֵּפֶר לִקּוּטֵי מוֹהֲרַ""ן בְּהַתּוֹרָה בְּהַעֲלֹתְךָ בְּסִימָן כ""א] שֶׁזֶּהוּ בְּחִינַת שֵׂכֶל הַמַּקִּיף שֶׁאֵינוֹ נִכְנָס לְתוֹךְ הַשֵּׂכֶל הַזֶּה עַד לֶעָתִיד:1:1,"
Chayei Moharan 443:1,Likutei Moharan, Part II 125:1:1,"עַמְּךָ וְכוּ' אַשְׁרֵינוּ וְכוּ' וְכַמּוּבָא בִּדְבָרָיו זִכְרוֹנוֹ לִבְרָכָה בְּלִקּוּטֵי תִנְיָנָא סִימָן קכ""ה עַיֵּן שָׁם: עֲבוֹדַת הַשֵּׁם"
Chayei Moharan 446:1,Likutei Moharan, Part II 32:1:1,"הַמַּגִּיד מִטִּירָהאוִויצֶע. הַיְנוּ הַתּוֹרָה הַמַּתְחֶלֶת יֵשׁ צַדִּיקִים גְּנוּזִים בְּלִקּוּטֵי תִנְיָנָא סִימָן ל""ב. וְצִוָּה עָלַי לַחֲזֹר וְלוֹמַר הַתּוֹרָה הַזֹּאת לִפְנֵי הַנַּ""ל בְּעוֹדֵינוּ עוֹמְדִים"
Chayei Moharan 472:1,Sichot HaRan 30:1:1,"הָרָגִיל אֵינוֹ מוֹעִיל כְּלָל כַּיָּדוּעַ בְּחוּשׁ. וּכְבָר מְבֹאָר (שִׂיחוֹת הָרַ""ן סִימָן ל) שֶׁאֵין צְרִיכִין לְבַלְבֵּל עַצְמוֹ בִּשְׁבִיל נְקִיּוּת רַק בְּעֵת שֶׁנִּצְרָךְ לִנְקָבָיו"
Chayei Moharan 494:1,Likutei Moharan 12,בָּהֶם קְצָת רְמָזִים נִפְלָאִים וְנוֹרָאִים (אָמַר הַמַּעְתִּיק עַיֵּן בְּלִקּוּטֵי א' סִימָן יב בַּמַּאֲמָר תְּהִלָּה לְדָוִד וּבְלִקּוּטֵי הֲלָכוֹת הִלְכוֹת תַּלְמוּד־תּוֹרָה הֲלָכָה ג' וְתָבִין
Chayei Moharan 510:1,Likutei Moharan 5:1:1,"כְּלָל אַף־עַל־פִּי־כֵן הֵם נֶאֶמְרוּ עַל עִנְיַן תְּפִלִּין. וְהֵם בַּחֲצוֹצְרוֹת בְּסִימָן ה. אָנֹכִי ה' אֱלֹקֶיךָ בְּסִימָן ד' וּמִי הָאִישׁ הֶחָפֵץ חַיִּים בְּסִימָן ל""ג:1:1,"
Chayei Moharan 510:1,Likutei Moharan 4:1:1,"עִנְיַן תְּפִלִּין. וְהֵם בַּחֲצוֹצְרוֹת בְּסִימָן ה. אָנֹכִי ה' אֱלֹקֶיךָ בְּסִימָן ד' וּמִי הָאִישׁ הֶחָפֵץ חַיִּים בְּסִימָן ל""ג, וְאַשְׁרֵי הָעָם יוֹדְעֵי תְרוּעָה סִימָן"
Chayei Moharan 510:1,Likutei Moharan 33:1:1,"אָנֹכִי ה' אֱלֹקֶיךָ בְּסִימָן ד' וּמִי הָאִישׁ הֶחָפֵץ חַיִּים בְּסִימָן ל""ג, וְאַשְׁרֵי הָעָם יוֹדְעֵי תְרוּעָה סִימָן ל""ה, וּמַרְכְּבוֹת פַּרְעֹה בְּסִימָן ל""ח כֻּלָּם"
Chayei Moharan 510:1,Likutei Moharan 35:1:1,"וּמִי הָאִישׁ הֶחָפֵץ חַיִּים בְּסִימָן ל""ג, וְאַשְׁרֵי הָעָם יוֹדְעֵי תְרוּעָה סִימָן ל""ה, וּמַרְכְּבוֹת פַּרְעֹה בְּסִימָן ל""ח כֻּלָּם בְּלִקּוּטֵי הָרִאשׁוֹן. וְעוֹד מַאֲמָרִים רַבִּים"
Chayei Moharan 510:1,Likutei Moharan 38:1:1,"ל""ג, וְאַשְׁרֵי הָעָם יוֹדְעֵי תְרוּעָה סִימָן ל""ה, וּמַרְכְּבוֹת פַּרְעֹה בְּסִימָן ל""ח כֻּלָּם בְּלִקּוּטֵי הָרִאשׁוֹן. וְעוֹד מַאֲמָרִים רַבִּים אֲשֶׁר נֶאֶמְרוּ בְּאוֹתָן הַזְּמַנִּים כֻּלָּם"
Chayei Moharan 520:1,Likutei Moharan, Part II 104:1:1,"הַרְבֵּה תְּחִנּוֹת וּבַקָּשׁוֹת בְּתוֹךְ הַסִּדּוּרִים הַגְּדוֹלִים וְכוּ' כַּנִּדְפָּס בְּלִקּוּטֵי תִּנְיָנָא סִימָן ק""ד וְאָמַר אֲנִי מְקַנֵּא אֶת ר""י חֲתַן ר""י שֶׁיָּכוֹל לוֹמַר הַרְבֵּה."
Chayei Moharan 521:1,Likutei Moharan, Part II 105:1:1,"בַּתּוֹרָה שֶׁהוּא תִּקּוּן גָּדוֹל לְהִרְהוּרִים כַּמְבֹאָר בְּמָקוֹם אַחֵר (בְּלִקּוּטֵי תִּנְיָנָא סִימָן ק""ה). אָנֹכִי שָׁמַעְתִּי מִפִּיו הַקָּדוֹשׁ כַּמָּה וְכַמָּה פְּעָמִים שֶׁהִזְהִיר מְאֹד לְחַדֵּשׁ"
Chayei Moharan 533:1,Likutei Moharan 16:1:1,"רַבֵּנוּ זִכְרוֹנוֹ לִבְרָכָה בְּהַסֵּפֶר הָרִאשׁוֹן בְּהַתּוֹרָה רַבִּי יוֹחָנָן מִשְׁתָּעֵי (בְּסִימָן טז) וַחֲזִינַן הַאי כַּוְרָא וְכוּ' עַיֵּן שָׁם, וּבְסֵפֶר לִקּוּטֵי תִּנְיָנָא בְּהַתּוֹרָה הַמַּתְחֶלֶת"
Chayei Moharan 533:1,Likutei Moharan, Part II 78:1:1,"תִּנְיָנָא בְּהַתּוֹרָה הַמַּתְחֶלֶת בְּעִנְיַן הַנְהָגַת הַפְּשִׁיטוּת שֶׁל הַצַּדִּיק הָאֱמֶת בְּסִימָן ע""ח עַיֵּן שָׁם, שֶׁלִּפְעָמִים צְרִיכִין לִהְיוֹת אִישׁ פָּשׁוּט מַמָּשׁ עַיֵּן שָׁם הֵיטֵב:"
Chayei Moharan 536:1,Likutei Moharan, Part II 48:1:1,"שֶׁיִּסְתַּלֵּק לְגַמְרֵי. וְעַיֵּן בְּמָקוֹם אַחֵר מִזֶּה (לִקּוּטֵי מוֹהֲרַ""ן חֵלֶק ב' סִימָן מח) שֶׁצְּרִיכִין לִהְיוֹת עַקְשָׁן גָּדוֹל כְּנֶגְדּוֹ פַּעַם אַחַר פַּעַם וַאֲפִלּוּ מֵאָה"
Chayei Moharan 540:1,Likutei Moharan 98:1:1,"מֵת אוֹ מַלְאָךְ וְכַיּוֹצֵא בָּזֶה. וְעַיֵּן בְּמָקוֹם אַחֵר (בְּלִקּוּטֵי מוֹהֲרַ""ן סִימָן צח) מַה שֶּׁמְּבֹאָר עַל פָּסוּק (תְּהִלִּים ל""ד): ""עֵינֵי ה' אֶל צַדִּיקִים"""
Chayei Moharan 543:1,Likutei Moharan 206:1:1,"הַנְּעוּרִים. וְכֵן מְבֹאָר בְּהַתּוֹרָה תָּעִיתִי כְּשֶׂה אוֹבֵד [בְּלִקּוּטֵי א' בְּסִימָן ר""ו] הַחִלּוּק שֶׁבֵּין עוּל יָמִים לְזָקֵן עַיֵּן שָׁם. וְכֵן שָׁמַעְנוּ וְרָאִינוּ כַּמָּה"
Chayei Moharan 553:1,Likutei Moharan 72:1:1,"הַבַּעַל־שֵׁם־טוֹב זִכְרוֹנוֹ לִבְרָכָה בְּלִי שִׁעוּר וָעֵרֶךְ כְּלָל. וּכְשֶׁאָמַר (בְּלִקּוּטֵי תִּנְיָנָא סִימָן ע""ב) מֵעִנְיַן הַמַּנְהִיג שֶׁצָּרִיךְ אִישׁ שֶׁיִּהְיֶה קָדוֹשׁ וּפָרוּשׁ גָּדוֹל בִּבְחִינַת קְדֻשַּׁת"
Chayei Moharan 564:1,Likutei Moharan, Part II 7:1:1,"הַקְּדוֹשִׁים שֶׁדִּבֵּר עִמָּנוּ אַחַר הַתּוֹרָה כִּי מְרַחֲמֵם יְנַהֲגֵם [בְּלִקּוּטֵי תִנְיָנָא סִימָן ז'], וְאָמַר אָז שֶׁאֱמוּנָה הִיא מַדְרֵגָה אַחֲרוֹנָה אֲבָל עַל יָדָהּ זוֹכִין"
Chayei Moharan 585:1,Likutei Moharan, Part II 40:1:1,"אֶצְלוֹ כָּל תַּאֲוָתוֹ אֶל הַמָּמוֹן: (אָמַר הַמַּעְתִּיק עַיֵּן בְּלִקּוּטֵי תִנְיָנָא סִימָן מ""ם מִי שֶׁיּוֹדֵעַ מֵאֶרֶץ־יִשְׂרָאֵל וְכוּ' בְּסוֹף הַמַּאֲמָר מוּבָן שָׁם שֶׁשֶּׁפַע שֶׁל"
Chayei Moharan 585:1,Likutei Moharan, Part II 63:1:1,"הַמָּזוֹן הֲלָכָה ד' אוֹת ט""ז עַיֵּן שָׁם. וְעַיֵּן בְּלִקּוּטֵי תִנְיָנָא סִימָן ס""ג עַל עִנְיַן קְחוּ מִזִּמְרַת הָאָרֶץ רְצוֹנוֹ לוֹמַר נִגּוּן שֶׁל אֶרֶץ"
Chayei Moharan 590:1,Likutei Moharan, Part II 46:1:1,"הָעוֹבֵר עֲבֵרָה וּמִתְבַּיֵּשׁ בָּהּ מוֹחֲלִין לוֹ וְכוּ' וְעַיֵּן בְּלִקּוּטֵי תִנְיָנָא סִימָן מ""ו וּבְהַשִּׂיחוֹת (סִימָן יב) שֶׁמַּה שֶּׁנִּלְחָמִין עִם הַמַּחֲשָׁבוֹת זָרוֹת בִּשְׁעַת הַתְּפִלָּה"
Chayei Moharan 590:1,Sichot HaRan 12:1:1,"מוֹחֲלִין לוֹ וְכוּ' וְעַיֵּן בְּלִקּוּטֵי תִנְיָנָא סִימָן מ""ו וּבְהַשִּׂיחוֹת (סִימָן יב) שֶׁמַּה שֶּׁנִּלְחָמִין עִם הַמַּחֲשָׁבוֹת זָרוֹת בִּשְׁעַת הַתְּפִלָּה לְהַכְנִיעַ אוֹתָם, אוֹ עַל־כָּל־פָּנִים"
Chayei Moharan 595:1,Sefer HaMiddot, Marriage:7,"מֵהַשִּׁדּוּךְ עוֹשֶׂה רֹשֶׁם בּוֹ וּבָהּ, עַיֵּן שָׁם בְּאוֹת חִתּוּן בְּסִימָן ז'. וְהַדָּבָר נִרְאֶה לָעֵינַיִם כִּי יָדַע בָּזֶה סוֹדוֹת נוֹרָאִים שֶׁלֹּא נִתְגַּלוּ בָּעוֹלָם:1:1,"
Chayei Moharan 602:1,Likutei Moharan 215:1:1,"הוּא עוֹסֵק לְהַעֲלוֹת נְשָׁמוֹת הַנְּפוּלוֹת לְהַשֵּׁם יִתְבָּרַךְ. וְעַיֵּן בְּלִקּוּטֵי א' סִימָן רט""ו שָׁם מְבֹאָר גַּם־כֵּן שֶׁמֹּשֶׁה גַּם עַתָּה לְאַחַר מוֹתוֹ הוּא עוֹסֵק"
Chayei Moharan 604:1,Likutei Moharan, Part II 1:1:1,וּמוּבָא בִּדְבָרָיו זִכְרוֹנוֹ לִבְרָכָה בְּהַתּוֹרָה תִּקְעוּ מֶמְשָׁלָה בְּלִקּוּטֵי תִנְיָנָא בְּסִימָן א' עַיֵּן שָׁם הֵיטֵב:
Chayei Moharan 607:1,Likutei Moharan, Part II 32:1:1,"(קסד) שַׁיָּךְ לַמַּאֲמָר שְׁמִי שֶׁנִּכְתַּב בִּקְדֻשָּׁה (לִקּוּטֵי תִנְיָנָא סִימָן ל""ב). זֶה הַמַּאֲמָר נֶאֱמַר עַל־פִּי שְׁאֵלָה שֶׁשָּׁאַל הַמַּגִּיד מִטִּירָאוִויצֶע אֶת רַבֵּנוּ"
Chayei Moharan 612:1,Likutei Moharan 2:7:1,"אֲשֶׁר שָׁם הַלָּשׁוֹן מְתֻקָּן יוֹתֵר בְּהַתּוֹרָה אֱמֹר אֶל הַכֹּהֲנִים בְּסִימָן ב' בְּאוֹת ז' בְּהַסֵּפֶר הַנִּדְפָּס. כָּתוּב שָׁם, וְהַנְּשָׁמוֹת עִם הַתְּפִלָּה נִקְרָא כָּבוֹד"
